날짜,시간,타입,대분류,소분류,내용,금액,화폐,결제수단,메모
2023-03-29,06:44,지출,생활,미분류,네이버파이낸셜주식회사,-13870,KRW,신한은행 The More,
2023-03-28,23:42,지출,생활,미분류,롯데하이마트(주),-65990,KRW,신한은행 The More,
2023-03-28,19:54,지출,카페/간식,미분류,다피타(da pit'ta),-46000,KRW,신한은행 The More,
2023-03-28,14:53,지출,생활,미분류,네이버파이낸셜주식회사,-13870,KRW,신한은행 The More,
2023-03-28,09:57,지출,미분류,미분류,구글플레이_TOSS,-2400,KRW,모두의 쇼핑,
2023-03-27,20:47,지출,생활,미분류,씨유(CU)마곡센트럴점,-2100,KRW,LOCA 롯데카드,
2023-03-27,16:40,지출,주거/통신,미분류,아파트관리비,-75470,KRW,신한은행 The More,
2023-03-27,13:45,지출,식사,미분류,한일생선구이전문점,-12000,KRW,LOCA 롯데카드,
2023-03-26,12:50,지출,생활,미분류,지에스25 마곡나루6단지점,-1600,KRW,모두의 쇼핑,
2023-03-26,12:27,지출,식사,미분류,네이버페이,-15000,KRW,신한은행 The More,
2023-03-25,20:43,지출,의복/미용,미분류,네이버파이낸셜(주),-64420,KRW,LOCA 롯데카드,
2023-03-24,14:05,지출,생활,미분류,(주)이마트에브리데이 남부터미널점,-3600,KRW,LOCA 롯데카드,
2023-03-24,13:36,지출,카페/간식,미분류,카페온,-500,KRW,신한은행 The More,
2023-03-24,13:27,지출,식사,미분류,허수아비,-9500,KRW,LOCA 롯데카드,
2023-03-23,21:29,지출,미분류,미분류,(주)티몬,-9900,KRW,신한은행 The More,
2023-03-23,20:08,지출,생활,미분류,(주)이마트에브리데이마곡나루점,-17100,KRW,모두의 쇼핑,
2023-03-23,13:27,지출,식사,미분류,주식회사 닥터키친,-44700,KRW,신한은행 The More,
2023-03-22,20:10,지출,생활,미분류,이마트 24 센트럴키오스크점,-2500,KRW,모두의 쇼핑,
2023-03-22,19:44,지출,식사,미분류,쉐이크쉑 센트럴시티점,-24400,KRW,모두의 쇼핑,
2023-03-22,16:35,지출,생활,미분류,네이버파이낸셜주식회사,-29720,KRW,신한은행 The More,
2023-03-22,13:07,지출,카페/간식,미분류,드리옹17,-40000,KRW,모두의 쇼핑,
2023-03-21,21:05,지출,식사,미분류,송계옥 신도림점,-71500,KRW,모두의 쇼핑,
2023-03-21,18:11,지출,카페/간식,미분류,주식회사 에스씨케이컴퍼니,-3900,KRW,신한은행 The More,
2023-03-21,10:41,지출,의료/건강,미분류,서리풀약국,-9000,KRW,모두의 쇼핑,
2023-03-20,19:07,지출,카페/간식,미분류,주식회사 에스씨케이컴퍼니,-3900,KRW,신한은행 The More,
2023-03-20,08:42,지출,식사,미분류,NICE결제대행,-6600,KRW,신한은행 The More,
2023-03-19,14:26,지출,교통,미분류,경기시내버스_이비,-1450,KRW,모두의 쇼핑,
2023-03-19,14:26,지출,교통,미분류,티머니 지하철,-1350,KRW,모두의 쇼핑,
2023-03-18,21:46,지출,미분류,미분류,네이버파이낸셜(주),-52720,KRW,모두의 쇼핑,
2023-03-18,17:34,지출,생활,미분류,(주)이마트에브리데이 마곡나루점,-25580,KRW,신한은행 The More,
2023-03-18,16:06,지출,의료/건강,미분류,삼성웰약국,-8400,KRW,모두의 쇼핑,
2023-03-18,15:33,지출,카페/간식,미분류,감성커피 미사역점,-5500,KRW,모두의 쇼핑,
2023-03-18,14:45,지출,교통,미분류,티머니 버스,-2400,KRW,모두의 쇼핑,
2023-03-17,22:18,지출,식사,미분류,(주)우아한형제들_KCP,-21500,KRW,모두의 쇼핑,
2023-03-17,19:33,지출,생활,미분류,GS25서울대입구역점,-7100,KRW,모두의 쇼핑,
2023-03-17,19:04,지출,생활,미분류,지에스 더 프레시 미사점,-2490,KRW,모두의 쇼핑,
2023-03-17,13:55,지출,미분류,미분류,카카오쇼핑하기_카카오페이,-16900,KRW,LOCA 롯데카드,
2023-03-17,13:18,지출,식사,미분류,허수아비,-10000,KRW,모두의 쇼핑,
2023-03-17,08:46,지출,식사,미분류,NICE_통신판매,-2500,KRW,LOCA 롯데카드,
2023-03-17,08:44,지출,문화/여가,미분류,메가박스_KPN,-24000,KRW,LOCA 롯데카드,
2023-03-16,22:24,지출,카페/간식,미분류,아이스조아 18호점,-1800,KRW,LOCA 롯데카드,
2023-03-16,22:20,지출,교통,미분류,카카오페이(택시),-14200,KRW,LOCA 롯데카드,
2023-03-16,21:56,지출,교통,미분류,카카오페이(택시),13000,KRW,LOCA 롯데카드,
2023-03-16,21:56,지출,교통,미분류,카카오페이(택시),-13000,KRW,LOCA 롯데카드,
2023-03-15,17:42,지출,문화/여가,미분류,네이버페이,-12900,KRW,LOCA 롯데카드,
2023-03-15,14:37,지출,문화/여가,미분류,네이버페이,-63500,KRW,LOCA 롯데카드,
2023-03-15,13:55,지출,식사,미분류,매화,-10000,KRW,LOCA 롯데카드,
2023-03-15,09:25,지출,주거/통신,미분류,LOCA,-23100,KRW,LOCA 롯데카드,
2023-03-15,08:03,지출,카페/간식,미분류,스타벅스_사이렌오더,-4200,KRW,LOCA 롯데카드,
2023-03-14,20:37,지출,미분류,미분류,티몬,-36000,KRW,LOCA 롯데카드,
2023-03-14,19:04,지출,생활,미분류,다이소 신방화역점,-9000,KRW,LOCA 롯데카드,
2023-03-14,13:27,지출,카페/간식,미분류,카페온,-500,KRW,LOCA 롯데카드,
2023-03-14,13:16,지출,식사,미분류,주식회사 장꼬방,-9000,KRW,LOCA 롯데카드,
2023-03-13,19:50,지출,생활,미분류,(주)골드그린마트,-1800,KRW,LOCA 롯데카드,
2023-03-13,19:20,지출,카페/간식,미분류,PAYCO오더,-15500,KRW,LOCA 롯데카드,
2023-03-12,18:34,지출,생활,미분류,이마트24 신방화점,-9290,KRW,LOCA 롯데카드,
2023-03-12,13:49,지출,생활,미분류,세븐일레븐 부천원종로점,-8250,KRW,LOCA 롯데카드,
2023-03-12,08:22,지출,생활,미분류,씨유 하남미사점,-1860,KRW,LOCA 롯데카드,
2023-03-12,08:21,지출,생활,미분류,지에스(GS)25 미사한신점,-9850,KRW,LOCA 롯데카드,
2023-03-11,17:31,지출,생활,미분류,주식회사조양마트,-16480,KRW,LOCA 롯데카드,
2023-03-10,23:20,지출,생활,미분류,지에스 더 프레시 미사점,-29560,KRW,LOCA 롯데카드,
2023-03-10,21:43,지출,식사,미분류,안철순,-26000,KRW,LOCA 롯데카드,
2023-03-10,18:46,지출,카페/간식,미분류,스타벅스코리아,-4000,KRW,LOCA 롯데카드,
2023-03-10,08:35,지출,식사,미분류,NICE결제대행,-5700,KRW,신한은행 The More,
2023-03-09,19:18,지출,생활,미분류,씨유(CU)마곡센트럴점,-6700,KRW,신한은행 The More,
2023-03-09,08:33,지출,식사,미분류,NICE결제대행,-6800,KRW,신한은행 The More,
2023-03-08,18:44,지출,식사,미분류,북창동순두부 (서초점),-11500,KRW,LOCA 롯데카드,
2023-03-08,08:36,지출,식사,미분류,NICE_통신판매,-900,KRW,LOCA 롯데카드,
2023-03-08,08:35,지출,식사,미분류,NICE결제대행,-5800,KRW,신한은행 The More,
2023-03-07,19:31,지출,식사,미분류,시래마루강동점,-13000,KRW,LOCA 롯데카드,
2023-03-07,13:00,지출,식사,미분류,NICE결제대행,-5900,KRW,신한은행 The More,
2023-03-06,19:35,지출,생활,미분류,(주)골드그린마트,-18670,KRW,LOCA 롯데카드,
2023-03-06,19:30,지출,생활,미분류,지에스25(GS25)마곡나루점,-2750,KRW,LOCA 롯데카드,
2023-03-06,08:42,지출,식사,미분류,NICE_통신판매,-5900,KRW,LOCA 롯데카드,
2023-03-04,20:45,지출,식사,미분류,김밥천국,-4000,KRW,LOCA 롯데카드,
2023-03-04,19:13,지출,카페/간식,미분류,놀숲서울대입구점,-47000,KRW,LOCA 롯데카드,
2023-03-04,13:17,지출,카페/간식,미분류,메가엠지씨커피미사역점,-2000,KRW,신한은행 The More,
2023-03-03,22:30,지출,식사,미분류,(주)우아한형제들,-21000,KRW,LOCA 롯데카드,
2023-03-03,22:06,지출,교통,미분류,티머니택시_0,-6800,KRW,LOCA 롯데카드,
2023-03-03,21:32,지출,카페/간식,미분류,블랙모티브,-4500,KRW,LOCA 롯데카드,
2023-03-03,21:30,지출,카페/간식,미분류,블랙모티브,-6000,KRW,LOCA 롯데카드,
2023-03-03,21:24,지출,식사,미분류,대신수산,-102000,KRW,LOCA 롯데카드,
2023-03-03,18:04,지출,카페/간식,미분류,(주)케이지이니시스,-5900,KRW,신한은행 The More,
2023-03-03,09:48,지출,식사,미분류,네이버페이,-24137,KRW,신한은행 The More,
2023-03-03,08:35,지출,식사,미분류,NICE결제대행,-5900,KRW,신한은행 The More,
2023-03-02,19:07,지출,생활,미분류,주식회사 아성다이소,-2000,KRW,신한은행 The More,
2023-03-02,18:33,지출,식사,미분류,푸드카페 김밥천국 신논현역점,-10000,KRW,신한은행 The More,
2023-03-02,08:33,지출,식사,미분류,NICE결제대행,-5900,KRW,신한은행 The More,
2023-03-01,18:04,지출,문화/여가,미분류,KCP-알라딘커뮤니케이션,-19,KRW,KT BIGPOT Plus(빅팟 플러스) 카드,
2023-03-01,18:02,지출,문화/여가,미분류,문화비(알라딘)_KCP,-149,KRW,KT BIGPOT Plus(빅팟 플러스) 카드,
2023-03-01,16:58,지출,카페/간식,미분류,얼음과자(마곡나루점),-5800,KRW,신한은행 The More,
2023-03-01,13:39,지출,식사,미분류,(주)우아한형제들,-34500,KRW,신한은행 The More,
2023-03-01,10:44,지출,문화/여가,미분류,카카오_카카오페이,-38333,KRW,신한은행 The More,
2023-02-28,21:42,지출,카페/간식,미분류,파리바게뜨충무로역,-8700,KRW,신한은행 The More,
2023-02-28,21:29,지출,식사,미분류,진포식당,-39000,KRW,신한은행 The More,
2023-02-28,08:28,지출,식사,미분류,NICE결제대행,-5900,KRW,신한은행 The More,
2023-02-27,20:37,지출,생활,미분류,(주)골드그린마트,-5580,KRW,신한은행 The More,
2023-02-27,08:36,지출,식사,미분류,NICE결제대행,-5900,KRW,신한은행 The More,
2023-02-27,00:23,지출,생활,미분류,GS25 봉천 낙성점,-11500,KRW,신한은행 The More,
2023-02-26,20:50,지출,카페/간식,미분류,KOCES_자판기_일반,-3000,KRW,신한은행 The More,
2023-02-26,20:43,지출,카페/간식,미분류,벌툰 신림점,-12000,KRW,신한은행 The More,
2023-02-26,18:38,지출,식사,미분류,작은피자집,-44000,KRW,신한은행 The More,
2023-02-26,17:07,지출,카페/간식,미분류,카페 우야우(cafe ooyaoo),-7600,KRW,신한은행 The More,
2023-02-26,16:26,지출,카페/간식,미분류,헬무트커피로스터스,-20500,KRW,신한은행 The More,
2023-02-23,22:27,지출,생활,미분류,(주)이마트에브리데이 마곡나루점,-10980,KRW,신한은행 The More,
2023-02-23,22:26,지출,생활,미분류,(주)이마트에브리데이마곡나루점,-1580,KRW,모두의 쇼핑,
2023-02-23,19:29,지출,카페/간식,미분류,주식회사 에스씨케이컴퍼니,-12900,KRW,신한은행 The More,
2023-02-23,19:25,지출,식사,미분류,레몬그라스 타이,-31000,KRW,신한은행 The More,
2023-02-23,13:26,지출,식사,미분류,매화,-10000,KRW,신한은행 The More,
2023-02-23,08:32,지출,식사,미분류,NICE결제대행,-5900,KRW,신한은행 The More,
2023-02-23,01:11,지출,생활,미분류,CU 관악이글점,-1400,KRW,신한은행 The More,
2023-02-23,00:43,지출,카페/간식,미분류,자판기3,-1200,KRW,신한은행 The More,
2023-02-23,00:12,지출,식사,미분류,삼촌숯불곱창,-169100,KRW,신한은행 The More,
2023-02-22,16:47,지출,주거/통신,미분류,아파트관리비,-83730,KRW,신한은행 The More,
2023-02-22,13:39,지출,생활,미분류,(주)이마트에브리데이 남부터미널점,-4650,KRW,신한은행 The More,
2023-02-22,13:20,지출,식사,미분류,단풍애 김밥 남부터미널점,-5000,KRW,신한은행 The More,
2023-02-22,08:35,지출,식사,미분류,NICE결제대행,-5900,KRW,신한은행 The More,
2023-02-21,19:40,지출,생활,미분류,주식회사 아성다이소,-2000,KRW,신한은행 The More,
2023-02-21,18:55,지출,식사,미분류,북창동순두부 (서초점),-11500,KRW,신한은행 The More,
2023-02-20,08:39,지출,카페/간식,미분류,바나프레소 남부터미널점,-1300,KRW,신한은행 The More,
2023-02-20,08:31,지출,식사,미분류,NICE결제대행,-5900,KRW,신한은행 The More,
2023-02-19,18:09,지출,문화/여가,미분류,구글페이먼트,-2400,KRW,LOCA 롯데카드,
2023-02-18,18:18,지출,생활,미분류,(주)이마트에브리데이 마곡나루점,-8980,KRW,신한은행 The More,
2023-02-18,17:58,지출,식사,미분류,(주)우아한형제들,-10900,KRW,신한은행 The More,
2023-02-18,17:35,지출,문화/여가,미분류,알라딘중고서점 (잠실점)문화비,-15100,KRW,신한은행 The More,
2023-02-18,12:01,지출,생활,미분류,GS25 봉천 낙성점,-7800,KRW,신한은행 The More,
2023-02-18,09:59,지출,카페/간식,미분류,주식회사 에스씨케이컴퍼니,-4500,KRW,신한은행 The More,
2023-02-18,09:50,지출,식사,미분류,오월의김밥,-14500,KRW,신한은행 The More,
2023-02-17,21:42,지출,식사,미분류,과일에반하다프루타 미사점,-3000,KRW,신한은행 The More,
2023-02-17,21:40,지출,식사,미분류,빈이네양꼬치,-60000,KRW,신한은행 The More,
2023-02-17,08:31,지출,식사,미분류,NICE결제대행,-5900,KRW,신한은행 The More,
2023-02-16,13:30,지출,생활,미분류,우정사업본부(우체국),-4340,KRW,신한은행 The More,
2023-02-16,13:14,지출,생활,미분류,공공기관_KPN,-400,KRW,신한은행 The More,
2023-02-16,08:34,지출,식사,미분류,NICE결제대행,-5900,KRW,신한은행 The More,
2023-02-15,19:29,지출,생활,미분류,(주)골드그린마트,-14900,KRW,LOCA 롯데카드,
2023-02-15,19:04,지출,식사,미분류,(주)우아한형제들_TOSS,-19425,KRW,모두의 쇼핑,
2023-02-15,09:22,지출,주거/통신,미분류,LOCA,-23100,KRW,LOCA 롯데카드,
2023-02-15,08:28,지출,식사,미분류,NICE결제대행,-5900,KRW,신한은행 The More,
2023-02-14,19:58,지출,생활,미분류,(주)골드그린마트,-1980,KRW,모두의 쇼핑,
2023-02-14,19:56,지출,식사,미분류,수라면가,-14000,KRW,신한은행 The More,
2023-02-14,13:22,지출,생활,미분류,공공기관_KPN,-2800,KRW,신한은행 The More,
2023-02-14,08:27,지출,식사,미분류,NICE결제대행,-5900,KRW,신한은행 The More,
2023-02-13,19:31,지출,식사,미분류,명가통닭 마곡나루점,-9900,KRW,신한은행 The More,
2023-02-13,08:34,지출,식사,미분류,NICE결제대행,-5900,KRW,신한은행 The More,
2023-02-13,08:22,지출,식사,미분류,네이버페이,-26800,KRW,신한은행 The More,
2023-02-12,10:19,지출,카페/간식,미분류,식사준비 마곡나루,-10900,KRW,신한은행 The More,
2023-02-11,20:01,지출,식사,미분류,마리짱,-7500,KRW,신한은행 The More,
2023-02-11,12:39,지출,생활,미분류,지에스더프레시미사점,-8790,KRW,신한은행 The More,
2023-02-11,12:39,지출,생활,미분류,지에스 더 프레시 미사점,-21820,KRW,모두의 쇼핑,
2023-02-11,09:52,지출,카페/간식,미분류,스타벅스_사이렌오더,-5000,KRW,LOCA 롯데카드,
2023-02-10,22:07,지출,생활,미분류,GS25 봉천 낙성점,-11000,KRW,신한은행 The More,
2023-02-10,21:55,지출,카페/간식,미분류,Apple,-9900,KRW,신한은행 The More,
2023-02-10,21:27,지출,식사,미분류,BKR버거킹사당역점,-1800,KRW,LOCA 롯데카드,
2023-02-10,11:51,지출,카페/간식,미분류,(주)케이지이니시스,-5500,KRW,신한은행 The More,
2023-02-10,11:10,지출,카페/간식,미분류,주식회사 에스씨케이컴퍼니,-5500,KRW,신한은행 The More,
2023-02-10,11:05,지출,카페/간식,미분류,스타벅스_사이렌오더,-22600,KRW,LOCA 롯데카드,
2023-02-10,08:26,지출,식사,미분류,NICE결제대행,-5900,KRW,신한은행 The More,
2023-02-09,20:49,지출,생활,미분류,씨유(CU)마곡센트럴점,-11000,KRW,LOCA 롯데카드,
2023-02-09,19:21,지출,생활,미분류,(주)다이소아성산업,-4000,KRW,모두의 쇼핑,
2023-02-09,19:17,지출,생활,미분류,(주)다이소아성산업,-4000,KRW,모두의 쇼핑,
2023-02-09,15:01,지출,교육,미분류,선물하기_카카오페이,-9800,KRW,신한은행 The More,
2023-02-09,08:40,지출,식사,미분류,NICE결제대행,-5900,KRW,신한은행 The More,
2023-02-08,08:31,지출,식사,미분류,NICE결제대행,-5900,KRW,신한은행 The More,
2023-02-08,08:20,지출,경조사,미분류,지마켓,-459570,KRW,LOCA 롯데카드,
2023-02-07,19:37,지출,식사,미분류,시래마루 강동점,-16000,KRW,모두의 쇼핑,
2023-02-07,08:30,지출,식사,미분류,NICE결제대행,-5900,KRW,신한은행 The More,
2023-02-06,08:37,지출,식사,미분류,NICE결제대행,-5700,KRW,신한은행 The More,
2023-02-04,21:10,지출,생활,미분류,(주)이마트에브리데이 마곡나루점,-5940,KRW,신한은행 The More,
2023-02-04,21:09,지출,생활,미분류,(주)이마트에브리데이 마곡나루점,-5980,KRW,신한은행 The More,
2023-02-04,14:09,지출,의복/미용,미분류,(주)현대백화점천호점,-42000,KRW,신한은행 The More,
2023-02-04,14:01,지출,의복/미용,미분류,(주)현대백화점천호점,-9200,KRW,신한은행 The More,
2023-02-04,10:36,지출,카페/간식,미분류,스타벅스코리아,-5000,KRW,모두의 쇼핑,
2023-02-04,10:33,지출,카페/간식,미분류,주식회사 쟝블랑제리,-17700,KRW,신한은행 The More,
2023-02-04,10:25,지출,생활,미분류,지에스더프레시미사점,-27990,KRW,신한은행 The More,
2023-02-03,23:46,지출,생활,미분류,씨유(CU) 행운야베스점,-12700,KRW,신한은행 The More,
2023-02-03,22:47,지출,생활,미분류,지에스 더 프레시 미사점,-29070,KRW,모두의 쇼핑,
2023-02-03,19:31,지출,의료/건강,미분류,미즈컨테이너강남웨스트(주)에스,-46300,KRW,모두의 쇼핑,
2023-02-03,18:29,지출,카페/간식,미분류,스타벅스코리아,-3300,KRW,모두의 쇼핑,
2023-02-03,09:48,지출,식사,미분류,네이버페이,-24137,KRW,신한은행 The More,
2023-02-03,08:39,지출,식사,미분류,NICE결제대행,-900,KRW,신한은행 The More,
2023-02-03,08:31,지출,식사,미분류,NICE결제대행,-5900,KRW,신한은행 The More,
2023-02-02,08:41,지출,식사,미분류,NICE결제대행,-5900,KRW,신한은행 The More,
2023-02-01,18:05,지출,생활,미분류,(주)이마트에브리데이 남부터미널점,-13980,KRW,신한은행 The More,
2023-02-01,18:04,지출,문화/여가,미분류,KCP-알라딘커뮤니케이션,-19,KRW,KT BIGPOT Plus(빅팟 플러스) 카드,
2023-02-01,18:02,지출,문화/여가,미분류,문화비(알라딘)_KCP,-149,KRW,KT BIGPOT Plus(빅팟 플러스) 카드,
2023-02-01,08:37,지출,식사,미분류,NICE_통신판매,-1100,KRW,LOCA 롯데카드,
2023-02-01,08:36,지출,식사,미분류,NICE결제대행,-5900,KRW,신한은행 The More,
2023-01-31,08:35,지출,식사,미분류,NICE_통신판매,-2700,KRW,LOCA 롯데카드,
2023-01-31,07:41,지출,식사,미분류,네이버페이,-12870,KRW,신한은행 The More,
2023-01-30,22:12,지출,생활,미분류,씨유(CU)마곡센트럴점,-7500,KRW,신한은행 The More,
2023-01-30,21:45,지출,식사,미분류,쿠팡(주),-35950,KRW,신한은행 The More,
2023-01-30,21:14,지출,미분류,미분류,대표_네이버페이_1,-34870,KRW,신한은행 The More,
2023-01-30,13:36,지출,카페/간식,미분류,고품격커피공장(서일점),-3800,KRW,모두의 쇼핑,
2023-01-30,08:41,지출,식사,미분류,NICE_통신판매,-2700,KRW,LOCA 롯데카드,
2023-01-29,22:23,지출,미분류,미분류,(주)우아한형제들_TOSS,-22500,KRW,모두의 쇼핑,
2023-01-28,22:56,지출,카페/간식,미분류,빵꾸똥꾸야 마곡나루점,-2200,KRW,모두의 쇼핑,
2023-01-28,22:53,지출,생활,미분류,(주)이마트에브리데이마곡나루점,-3000,KRW,모두의 쇼핑,
2023-01-28,20:57,지출,카페/간식,미분류,놀숲서울대입구점,-55700,KRW,LOCA 롯데카드,
2023-01-28,14:46,지출,카페/간식,미분류,듀레스트,-8000,KRW,모두의 쇼핑,
2023-01-28,14:36,지출,식사,미분류,시골집,-28000,KRW,LOCA 롯데카드,
2023-01-28,11:07,지출,카페/간식,미분류,커피나무 미사역점,-4300,KRW,LOCA 롯데카드,
2023-01-27,23:00,지출,생활,미분류,지에스 더 프레시 미사점,-21680,KRW,LOCA 롯데카드,
2023-01-27,22:49,지출,카페/간식,미분류,몽마베이커리,-5500,KRW,LOCA 롯데카드,
2023-01-27,22:43,지출,식사,미분류,딱 좋아,-77000,KRW,모두의 쇼핑,
2023-01-27,19:41,지출,생활,미분류,(주)다이소아성산업,-4000,KRW,LOCA 롯데카드,
2023-01-27,08:27,지출,식사,미분류,NICE_통신판매,-5900,KRW,LOCA 롯데카드,
2023-01-26,14:37,지출,교통,미분류,티머니 지하철,-1650,KRW,모두의 쇼핑,
2023-01-26,14:37,지출,교통,미분류,티머니 버스,-1200,KRW,모두의 쇼핑,
2023-01-26,14:37,지출,교통,미분류,경기시내버스_이비,-250,KRW,모두의 쇼핑,
2023-01-26,08:21,지출,식사,미분류,NICE_통신판매,-5900,KRW,LOCA 롯데카드,
2023-01-25,19:28,지출,생활,미분류,(주)골드그린마트,-5790,KRW,모두의 쇼핑,
2023-01-25,16:41,지출,주거/통신,미분류,아파트관리비,-88760,KRW,신한은행 The More,
2023-01-25,13:32,지출,식사,미분류,송쉐프,-9000,KRW,모두의 쇼핑,
2023-01-23,17:46,지출,의복/미용,미분류,쿠팡(쿠페이),-23000,KRW,LOCA 롯데카드,
2023-01-23,09:45,지출,식사,미분류,배달의민족_선물하기,-50000,KRW,LOCA 롯데카드,
2023-01-22,11:39,지출,의복/미용,미분류,네이버파이낸셜(주),-43440,KRW,LOCA 롯데카드,
2023-01-21,14:52,지출,카페/간식,미분류,(주)학산 테라로사커피 국립현대미술관(서울관)지점,-19800,KRW,LOCA 롯데카드,
2023-01-21,12:46,지출,교통,미분류,티머니택시_0,-4800,KRW,LOCA 롯데카드,
2023-01-21,12:37,지출,식사,미분류,금성관 나주곰탕,-26000,KRW,LOCA 롯데카드,
2023-01-21,00:01,지출,생활,미분류,이마트24 한국은행점,-6000,KRW,LOCA 롯데카드,
2023-01-20,23:32,지출,문화/여가,미분류,네이버페이,-17500,KRW,LOCA 롯데카드,
2023-01-20,23:28,지출,문화/여가,미분류,네이버페이,-29000,KRW,LOCA 롯데카드,
2023-01-20,22:05,지출,생활,미분류,지에스25(GS25) 북창점,-14100,KRW,LOCA 롯데카드,
2023-01-20,21:35,지출,생활,미분류,(주)다이소아성산업,-2000,KRW,모두의 쇼핑,
2023-01-20,21:30,지출,생활,미분류,주식회사 와이케이프렌즈,-5500,KRW,LOCA 롯데카드,
2023-01-20,20:15,지출,카페/간식,미분류,주식회사 가배도 남대문시장점,-10800,KRW,LOCA 롯데카드,
2023-01-20,19:47,지출,식사,미분류,신성식당,-51000,KRW,LOCA 롯데카드,
2023-01-20,08:43,지출,카페/간식,미분류,NICE결제대행,-5900,KRW,신한은행 The More,
2023-01-19,18:47,지출,식사,미분류,정순화청국장서초본점,-19000,KRW,LOCA 롯데카드,
2023-01-19,18:09,지출,문화/여가,미분류,구글페이먼트,-2400,KRW,LOCA 롯데카드,
2023-01-19,08:36,지출,식사,미분류,NICE결제대행,-5900,KRW,신한은행 The More,
2023-01-18,20:21,지출,생활,미분류,(주)이마트에브리데이 마곡나루점,-8000,KRW,LOCA 롯데카드,
2023-01-18,20:20,지출,생활,미분류,(주)이마트에브리데이 마곡나루점,-14480,KRW,LOCA 롯데카드,
2023-01-18,18:34,지출,식사,미분류,북창동순두부 (서초점),-11500,KRW,LOCA 롯데카드,
2023-01-18,13:48,지출,카페/간식,미분류,스타벅스코리아,-14100,KRW,LOCA 롯데카드,
2023-01-18,11:07,지출,문화/여가,미분류,문화비_알라딘커뮤니케이션,18690,KRW,LOCA 롯데카드,
2023-01-18,08:33,지출,식사,미분류,NICE결제대행,-5900,KRW,신한은행 The More,
2023-01-18,00:10,지출,의복/미용,미분류,쿠팡(쿠페이),-24500,KRW,LOCA 롯데카드,
2023-01-17,18:13,지출,식사,미분류,주식회사 크라이치즈버거,-9100,KRW,LOCA 롯데카드,
2023-01-17,08:26,지출,식사,미분류,NICE_통신판매,-5700,KRW,LOCA 롯데카드,
2023-01-17,00:11,지출,문화/여가,미분류,문화비_알라딘커뮤니케이션,-18690,KRW,LOCA 롯데카드,
2023-01-16,19:32,지출,생활,미분류,GS25 마곡나루점,-3900,KRW,LOCA 롯데카드,
2023-01-16,17:58,지출,문화/여가,미분류,알라딘커뮤니케이션,18332,KRW,LOCA 롯데카드,
2023-01-16,16:48,지출,문화/여가,미분류,알라딘커뮤니케이션,-18332,KRW,LOCA 롯데카드,
2023-01-16,13:15,지출,카페/간식,미분류,스타벅스코리아,-5300,KRW,LOCA 롯데카드,
2023-01-16,09:56,지출,주거/통신,미분류,LOCA,-23100,KRW,LOCA 롯데카드,
2023-01-14,21:32,지출,생활,미분류,(주)이마트에브리데이 마곡나루점,-15400,KRW,LOCA 롯데카드,
2023-01-14,20:53,지출,식사,미분류,네이버페이,-78870,KRW,신한은행 The More,
2023-01-14,20:14,지출,식사,미분류,네이버페이,78870,KRW,신한은행 The More,
2023-01-14,20:11,지출,식사,미분류,네이버페이,-78870,KRW,신한은행 The More,
2023-01-14,18:10,지출,식사,미분류,네이버파이낸셜 주식회사,-27870,KRW,신한은행 The More,
2023-01-13,23:48,지출,생활,미분류,씨유(CU) 행운야베스점,-19000,KRW,신한은행 The More,
2023-01-13,22:26,지출,술/유흥,미분류,서울루덴스,-35000,KRW,LOCA 롯데카드,
2023-01-13,21:31,지출,식사,미분류,마마 에티오피아요리,-50000,KRW,LOCA 롯데카드,
2023-01-13,11:17,지출,생활,미분류,쿠팡(쿠페이),30100,KRW,LOCA 롯데카드,
2023-01-13,11:01,지출,식사,미분류,쿠팡(주),-24670,KRW,신한은행 The More,
2023-01-13,10:58,지출,의복/미용,미분류,쿠팡(쿠페이),-30100,KRW,LOCA 롯데카드,
2023-01-12,20:59,지출,생활,미분류,(주)지마켓,-17990,KRW,신한은행 The More,
2023-01-11,21:41,지출,생활,미분류,지에스(GS)25 마곡나루6단지점,-6400,KRW,신한은행 The More,
2023-01-11,21:41,지출,생활,미분류,지에스(GS)25 마곡나루6단지점,-8900,KRW,신한은행 The More,
2023-01-11,15:47,지출,식사,미분류,네이버파이낸셜 주식회사,-16900,KRW,신한은행 The More,
2023-01-10,22:45,지출,식사,미분류,네이버파이낸셜 주식회사,-25870,KRW,신한은행 The More,
2023-01-10,10:00,지출,식사,미분류,배달의민족_선물하기,-50000,KRW,신한은행 The More,
2023-01-09,17:07,지출,생활,미분류,아이아이 미사점,-2600,KRW,프렌즈 체크카드,
2023-01-09,17:07,지출,생활,미분류,아이아이 미사점,-1200,KRW,프렌즈 체크카드,
2023-01-09,17:04,지출,교통,미분류,카카오 T_바이크,-1500,KRW,신한은행 The More,
2023-01-09,09:44,지출,주거/통신,미분류,서울시 카카오페이2,-6170,KRW,신한은행 The More,
2023-01-08,18:12,지출,생활,미분류,GS25 마곡나루6단지점,-4400,KRW,프렌즈 체크카드,
2023-01-08,12:23,지출,식사,미분류,네이버파이낸셜 주식회사,-45870,KRW,신한은행 The More,
2023-01-07,20:27,지출,식사,미분류,(주)케이에프씨코리,-8600,KRW,프렌즈 체크카드,
2023-01-07,20:11,지출,카페/간식,미분류,민카페(min cafe),-6700,KRW,프렌즈 체크카드,
2023-01-07,01:33,지출,생활,미분류,지에스25 서울대입구역점,-57590,KRW,프렌즈 체크카드,
2023-01-07,00:50,지출,교통,미분류,티머니 법인택시,-9500,KRW,프렌즈 체크카드,
2023-01-06,13:41,지출,카페/간식,미분류,커피사피엔스(대륭17,-6500,KRW,프렌즈 체크카드,
2023-01-06,08:49,지출,생활,미분류,씨유(CU) 대륭21차점,-2100,KRW,프렌즈 체크카드,
2023-01-05,18:52,지출,생활,미분류,하모니마트,-4180,KRW,프렌즈 체크카드,
2023-01-05,13:07,지출,카페/간식,미분류,지바(CHI BA),-12400,KRW,프렌즈 체크카드,
2023-01-04,13:43,지출,주거/통신,미분류,쿠팡,-10390,KRW,프렌즈 체크카드,
2023-01-04,13:09,지출,카페/간식,미분류,스타벅스코리아,-100,KRW,프렌즈 체크카드,
2023-01-04,08:49,지출,카페/간식,미분류,커피사피엔스(대륭17,-2500,KRW,프렌즈 체크카드,
2023-01-03,19:41,지출,생활,미분류,이마트24 금천점,-2750,KRW,프렌즈 체크카드,
2023-01-03,13:19,지출,식사,미분류,마하나콘,-11800,KRW,프렌즈 체크카드,
2023-01-03,09:48,지출,식사,미분류,네이버페이,-24137,KRW,신한은행 The More,
2023-01-02,18:50,지출,생활,미분류,이마트24 금천점,-1600,KRW,프렌즈 체크카드,
2023-01-02,13:38,지출,식사,미분류,가산4호점 담소사골,-8300,KRW,프렌즈 체크카드,
2023-01-01,18:04,지출,문화/여가,미분류,KCP-알라딘커뮤니케이션,-19,KRW,KT BIGPOT Plus(빅팟 플러스) 카드,
2023-01-01,18:02,지출,문화/여가,미분류,문화비(알라딘)_KCP,-149,KRW,KT BIGPOT Plus(빅팟 플러스) 카드,
2022-12-31,20:45,지출,카페/간식,미분류,블레스롤 하남 미사점,-7500,KRW,신한은행 The More,
2022-12-31,20:10,지출,식사,미분류,네이버파이낸셜 주식회사,-20870,KRW,신한은행 The More,
2022-12-30,11:58,지출,식사,미분류,네이버파이낸셜 주식회사,-36870,KRW,신한은행 The More,
2022-12-30,04:08,지출,문화/여가,미분류,롯데컬처웍스(주)롯데시네마 월드타워,35900,KRW,신한은행 The More,
2022-12-30,00:54,지출,생활,미분류,씨유(CU)마곡센트럴점,-18250,KRW,신한은행 The More,
2022-12-29,23:07,지출,카페/간식,미분류,까미(독산점),-306000,KRW,신한은행 The More,
2022-12-29,14:03,지출,카페/간식,미분류,커피사피엔스(대륭17,-8000,KRW,프렌즈 체크카드,
2022-12-29,13:53,지출,식사,미분류,동남집,-8000,KRW,프렌즈 체크카드,
2022-12-28,13:46,지출,생활,미분류,씨스페이스 가산본점,-800,KRW,프렌즈 체크카드,
2022-12-28,13:12,지출,카페/간식,미분류,지바(CHI BA),-12400,KRW,프렌즈 체크카드,
2022-12-27,16:34,지출,주거/통신,미분류,아파트관리비,-59240,KRW,신한은행 The More,
2022-12-27,13:47,지출,생활,미분류,씨스페이스 가산본점,-1600,KRW,신한은행 The More,
2022-12-27,13:10,지출,카페/간식,미분류,지바(CHI BA),-12400,KRW,신한은행 The More,
2022-12-26,18:51,지출,생활,미분류,이마트24 금천점,-7800,KRW,신한은행 The More,
2022-12-26,18:40,지출,생활,미분류,하모니마트(독산역점),-4400,KRW,신한은행 The More,
2022-12-25,19:33,지출,식사,미분류,네이버페이,-43868,KRW,신한은행 The More,
2022-12-25,19:27,지출,식사,미분류,네이버페이,40870,KRW,신한은행 The More,
2022-12-25,19:21,지출,식사,미분류,쿠팡(주),-5970,KRW,신한은행 The More,
2022-12-25,19:02,지출,식사,미분류,네이버페이,-40870,KRW,신한은행 The More,
2022-12-25,16:07,지출,식사,미분류,1인자감자탕 독산점,-9000,KRW,모두의 쇼핑,
2022-12-25,09:22,지출,생활,미분류,GS25 서울대입구역점,-5700,KRW,LOCA 롯데카드,
2022-12-25,01:13,지출,생활,미분류,지에스25 서울대입구역점,-6500,KRW,프렌즈 체크카드,
2022-12-24,19:07,지출,식사,미분류,맥도날드이수점,-4200,KRW,모두의 쇼핑,
2022-12-23,17:37,지출,생활,미분류,지에스 더 프레시 낙,-34070,KRW,프렌즈 체크카드,
2022-12-23,13:32,지출,식사,미분류,일등카레,-36000,KRW,신한은행 The More,
2022-12-22,19:46,지출,카페/간식,미분류,(주)피터팬식품,-38000,KRW,모두의 쇼핑,
2022-12-22,13:30,지출,카페/간식,미분류,커피사피엔스(대륭22차점),-9500,KRW,LOCA 롯데카드,
2022-12-21,20:12,지출,의료/건강,미분류,얼음왕국 금천1호점,-1500,KRW,LOCA 롯데카드,
2022-12-21,20:02,지출,식사,미분류,한국수독산역점,-9000,KRW,모두의 쇼핑,
2022-12-21,13:40,지출,식사,미분류,일등카레,-9000,KRW,모두의 쇼핑,
2022-12-21,09:58,지출,식사,미분류,대표일반_나이스,-56870,KRW,모두의 쇼핑,
2022-12-20,19:29,지출,의료/건강,미분류,얼음왕국 금천1호점,-1200,KRW,LOCA 롯데카드,
2022-12-20,19:26,지출,식사,미분류,병천순대,-12000,KRW,모두의 쇼핑,
2022-12-20,18:09,지출,문화/여가,미분류,구글페이먼트,-600,KRW,LOCA 롯데카드,
2022-12-20,13:26,지출,식사,미분류,천지회관,-8000,KRW,모두의 쇼핑,
2022-12-19,18:31,지출,생활,미분류,이마트24 금천점,-3600,KRW,모두의 쇼핑,
2022-12-19,13:27,지출,식사,미분류,더(the)좋은밥상,-6300,KRW,LOCA 롯데카드,
2022-12-18,11:07,지출,문화/여가,미분류,문화비_알라딘커뮤니케이션,18690,KRW,LOCA 롯데카드,
2022-12-17,15:47,지출,카페/간식,미분류,제이영동양평(상)휴게소,-9000,KRW,LOCA 롯데카드,
2022-12-17,15:06,지출,자동차,미분류,(주)케이엠파크 원주중앙동우체국주차장,-1000,KRW,LOCA 롯데카드,
2022-12-17,14:59,지출,식사,미분류,삐삐네웰빙반찬,-15000,KRW,LOCA 롯데카드,
2022-12-17,14:44,지출,생활,미분류,GOOGLE *Colab         650-253-0000 CA,-14392,KRW,모두의 쇼핑,
2022-12-17,10:39,지출,교통,미분류,티머니택시_0,-8700,KRW,LOCA 롯데카드,
2022-12-17,00:11,지출,문화/여가,미분류,문화비_알라딘커뮤니케이션,-18690,KRW,LOCA 롯데카드,
2022-12-16,20:31,지출,생활,미분류,GS25 서울대입구역점,-14350,KRW,LOCA 롯데카드,
2022-12-16,20:12,지출,식사,미분류,(주)우아한형제들,-57000,KRW,LOCA 롯데카드,
2022-12-16,18:29,지출,교통,미분류,티머니 시외버스(모바일결제),-11300,KRW,LOCA 롯데카드,
2022-12-16,17:58,지출,문화/여가,미분류,알라딘커뮤니케이션,18332,KRW,LOCA 롯데카드,
2022-12-16,16:48,지출,문화/여가,미분류,알라딘커뮤니케이션,-18332,KRW,LOCA 롯데카드,
2022-12-16,14:19,지출,의복/미용,미분류,네이버페이_3,-45000,KRW,LOCA 롯데카드,
2022-12-16,12:58,지출,식사,미분류,미스사이공 독산역점,-7400,KRW,LOCA 롯데카드,
2022-12-16,09:16,지출,카페/간식,미분류,대표_카카오페이_0,-12500,KRW,LOCA 롯데카드,
2022-12-16,08:45,지출,생활,미분류,GS25 가산대륭점,-1500,KRW,LOCA 롯데카드,
2022-12-15,20:51,지출,생활,미분류,하모니마트 독산역점,-2790,KRW,LOCA 롯데카드,
2022-12-15,15:38,지출,문화/여가,미분류,네이버페이,-34200,KRW,LOCA 롯데카드,
2022-12-15,15:38,지출,문화/여가,미분류,네이버페이,-2000,KRW,LOCA 롯데카드,
2022-12-15,13:42,지출,카페/간식,미분류,커피사피엔스(대륭22차점),-46200,KRW,모두의 쇼핑,
2022-12-15,13:24,지출,카페/간식,미분류,커피사피엔스(대륭22차점),-5000,KRW,LOCA 롯데카드,
2022-12-15,13:23,지출,식사,미분류,동남집,-8000,KRW,LOCA 롯데카드,
2022-12-15,10:19,지출,주거/통신,미분류,LOCA,-23100,KRW,LOCA 롯데카드,
2022-12-14,23:04,지출,생활,미분류,이마트24 금천점,-5900,KRW,신한은행 The More,
2022-12-14,18:43,지출,식사,미분류,(주)우아한형제들,-72900,KRW,LOCA 롯데카드,
2022-12-14,08:32,지출,문화/여가,미분류,네이버페이,-2500,KRW,LOCA 롯데카드,
2022-12-13,18:53,지출,생활,미분류,하모니마트 독산역점,-2000,KRW,LOCA 롯데카드,
2022-12-13,18:43,지출,식사,미분류,가산4호점 담소사골순대,-8300,KRW,LOCA 롯데카드,
2022-12-13,08:35,지출,식사,미분류,네이버페이,-2500,KRW,신한은행 The More,
2022-12-12,08:42,지출,의복/미용,미분류,대표인증_1,-1516,KRW,신한은행 The More,
2022-12-12,08:39,지출,생활,미분류,코레일유통주식회사(,-2700,KRW,프렌즈 체크카드,
2022-12-11,13:57,지출,의복/미용,미분류,더블유쇼핑,-57000,KRW,신한은행 The More,
2022-12-11,13:13,지출,카페/간식,미분류,매머드익스프레스 강,-1400,KRW,프렌즈 체크카드,
2022-12-10,17:31,지출,식사,미분류,쿠팡(주),-10500,KRW,신한은행 The More,
2022-12-09,23:30,지출,카페/간식,미분류,쿠팡,-8910,KRW,신한은행 The More,
2022-12-09,21:13,지출,식사,미분류,네이버페이,-47870,KRW,신한은행 The More,
2022-12-09,18:05,지출,식사,미분류,미스사이공 독산역점,-7400,KRW,프렌즈 체크카드,
2022-12-08,19:37,지출,생활,미분류,이마트24 금천점,-3900,KRW,모두의 쇼핑,
2022-12-08,13:29,지출,식사,미분류,천지회관,-8000,KRW,프렌즈 체크카드,
2022-12-07,13:30,지출,카페/간식,미분류,커피사피엔스(대륭17,-5000,KRW,프렌즈 체크카드,
2022-12-07,13:25,지출,식사,미분류,란콰이펑 누들 독산,-8000,KRW,프렌즈 체크카드,
2022-12-06,21:28,지출,식사,미분류,쿠팡전용_KCP,-16400,KRW,모두의 쇼핑,
2022-12-06,18:14,지출,식사,미분류,로운분식,-8000,KRW,프렌즈 체크카드,
2022-12-06,12:59,지출,식사,미분류,더(the)좋은밥상,-6300,KRW,프렌즈 체크카드,
2022-12-06,08:37,지출,경조사,미분류,네이버페이,-2500,KRW,모두의 쇼핑,
2022-12-05,13:37,지출,식사,미분류,가산4호점 담소사골,-8300,KRW,프렌즈 체크카드,
2022-12-04,17:10,지출,생활,미분류,씨유(CU)마곡센트럴점,-7350,KRW,LOCA 롯데카드,
2022-12-03,13:44,지출,생활,미분류,지에스(GS)25 마곡나루MK,-3600,KRW,LOCA 롯데카드,
2022-12-03,09:48,지출,식사,미분류,네이버페이,-24137,KRW,신한은행 The More,
2022-12-02,23:58,지출,식사,미분류,쿠팡전용_KCP,-22320,KRW,모두의 쇼핑,
2022-12-02,22:34,지출,경조사,미분류,선물하기_카카오페이,-49460,KRW,LOCA 롯데카드,
2022-12-02,13:29,지출,카페/간식,미분류,커피사피엔스(대륭22차점),-2500,KRW,모두의 쇼핑,
2022-12-02,13:25,지출,식사,미분류,국수나무 가산하이엔드점,-7900,KRW,모두의 쇼핑,
2022-12-02,08:35,지출,생활,미분류,지에스25 가산대륭점,-2700,KRW,모두의 쇼핑,
2022-12-01,18:04,지출,문화/여가,미분류,KCP-알라딘커뮤니케이션,-19,KRW,KT BIGPOT Plus(빅팟 플러스) 카드,
2022-12-01,18:02,지출,문화/여가,미분류,문화비(알라딘)_KCP,-149,KRW,KT BIGPOT Plus(빅팟 플러스) 카드,
2022-12-01,16:34,지출,카페/간식,미분류,커피사피엔스 대륭22차점,-36600,KRW,신한은행 The More,
2022-12-01,13:03,지출,식사,미분류,미스사이공 독산역점,-7400,KRW,신한은행 The More,
2022-11-30,21:12,지출,의복/미용,미분류,쿠팡(쿠페이),-14640,KRW,LOCA 롯데카드,
2022-11-30,20:27,지출,의복/미용,미분류,쿠팡(쿠페이),-16760,KRW,LOCA 롯데카드,
2022-11-30,20:20,지출,의복/미용,미분류,쿠팡(쿠페이),-7900,KRW,LOCA 롯데카드,
2022-11-30,20:17,지출,의복/미용,미분류,쿠팡(쿠페이),-53830,KRW,LOCA 롯데카드,
2022-11-30,20:12,지출,미분류,미분류,쿠팡(와우 멤버십),-4990,KRW,LOCA 롯데카드,
2022-11-30,18:11,지출,생활,미분류,GS25 금천사랑점,-3000,KRW,LOCA 롯데카드,
2022-11-30,13:27,지출,카페/간식,미분류,커피사피엔스(대륭22차점),5000,KRW,LOCA 롯데카드,
2022-11-30,13:25,지출,카페/간식,미분류,커피사피엔스(대륭22차점),-5000,KRW,LOCA 롯데카드,
2022-11-30,13:25,지출,카페/간식,미분류,커피사피엔스(대륭22차점),-5000,KRW,LOCA 롯데카드,
2022-11-30,12:58,지출,식사,미분류,뱃살도둑 샐러드&과일 가산점,-12900,KRW,LOCA 롯데카드,
2022-11-30,08:48,지출,카페/간식,미분류,매머드익스프레스독산점,-3100,KRW,LOCA 롯데카드,
2022-11-30,08:47,지출,카페/간식,미분류,대표인증_0,-2000,KRW,LOCA 롯데카드,
2022-11-29,19:52,지출,카페/간식,미분류,할리스(가산디지털단지점),-18300,KRW,LOCA 롯데카드,
2022-11-29,19:46,지출,술/유흥,미분류,세라즈 피자펍,-56000,KRW,LOCA 롯데카드,
2022-11-29,19:14,지출,문화/여가,미분류,네이버페이,-56750,KRW,LOCA 롯데카드,
2022-11-29,13:23,지출,식사,미분류,국수나무 가산하이엔드점,-9500,KRW,LOCA 롯데카드,
2022-11-29,08:29,지출,문화/여가,미분류,네이버페이,-2500,KRW,LOCA 롯데카드,
2022-11-28,18:26,지출,식사,미분류,로운분식,-11500,KRW,LOCA 롯데카드,
2022-11-28,13:22,지출,식사,미분류,동남집,-8000,KRW,LOCA 롯데카드,
2022-11-28,08:41,지출,문화/여가,미분류,네이버페이,-2500,KRW,LOCA 롯데카드,
2022-11-28,08:37,지출,생활,미분류,코레일유통주식회사(독산역),-4400,KRW,LOCA 롯데카드,
2022-11-27,15:49,지출,미분류,미분류,선물하기_카카오페이,-24900,KRW,LOCA 롯데카드,
2022-11-26,21:04,지출,생활,미분류,GS25 마곡나루6단지점,-12900,KRW,LOCA 롯데카드,
2022-11-25,13:14,지출,의료/건강,미분류,얼음왕국 금천1호점,-2100,KRW,LOCA 롯데카드,
2022-11-25,12:57,지출,생활,미분류,GS25 금천사랑점,-3650,KRW,LOCA 롯데카드,
2022-11-24,22:08,지출,교통,미분류,티머니 개인택시,-6000,KRW,신한은행 The More,
2022-11-24,21:40,지출,식사,미분류,맥도날드철산역점,-2400,KRW,LOCA 롯데카드,
2022-11-24,20:58,지출,식사,미분류,도마,-85000,KRW,LOCA 롯데카드,
2022-11-24,18:47,지출,교통,미분류,티머니 개인택시,-7700,KRW,신한은행 The More,
2022-11-24,13:36,지출,카페/간식,미분류,커피사피엔스 대륭22차점,-8800,KRW,신한은행 The More,
2022-11-24,13:33,지출,식사,미분류,천지회관,-8000,KRW,LOCA 롯데카드,
2022-11-24,08:37,지출,문화/여가,미분류,네이버페이,-2500,KRW,LOCA 롯데카드,
2022-11-23,18:42,지출,생활,미분류,이마트24 금천점,-14400,KRW,신한은행 The More,
2022-11-23,18:41,지출,생활,미분류,이마트24 금천점,21400,KRW,신한은행 The More,
2022-11-23,18:39,지출,생활,미분류,이마트24 금천점,-21400,KRW,신한은행 The More,
2022-11-23,13:28,지출,식사,미분류,가산4호점 담소사골순대,-7800,KRW,신한은행 The More,
2022-11-23,08:42,지출,식사,미분류,김가네,-4900,KRW,LOCA 롯데카드,
2022-11-22,22:55,지출,식사,미분류,네이버페이,-20964,KRW,신한은행 The More,
2022-11-22,20:20,지출,식사,미분류,네이버페이,24870,KRW,신한은행 The More,
2022-11-22,20:18,지출,식사,미분류,네이버페이,-24870,KRW,신한은행 The More,
2022-11-22,13:26,지출,식사,미분류,란콰이펑 누들 독산점,-14000,KRW,LOCA 롯데카드,
2022-11-22,08:32,지출,문화/여가,미분류,네이버페이,-2500,KRW,LOCA 롯데카드,
2022-11-21,08:34,지출,카페/간식,미분류,대표인증_0,-1700,KRW,LOCA 롯데카드,
2022-11-20,23:00,지출,생활,미분류,이마트24 금천점,-1500,KRW,LOCA 롯데카드,
2022-11-20,15:58,지출,생활,미분류,이마트24 금천점,-5000,KRW,신한은행 The More,
2022-11-20,12:17,지출,식사,미분류,(주)우아한형제들_카카오페이,-40980,KRW,신한은행 The More,
2022-11-19,22:01,지출,식사,미분류,네이버파이낸셜 주식회사,-18500,KRW,신한은행 The More,
2022-11-19,13:31,지출,식사,미분류,네이버파이낸셜 주식회사,-50870,KRW,신한은행 The More,
2022-11-19,09:36,지출,식사,미분류,네이버페이,-54921,KRW,신한은행 The More,
2022-11-18,19:32,지출,카페/간식,미분류,주식회사 에스씨케이컴퍼니,-9900,KRW,신한은행 The More,
2022-11-18,13:39,지출,카페/간식,미분류,커피사피엔스(대륭22차점),-5000,KRW,모두의 쇼핑,
2022-11-18,13:28,지출,식사,미분류,천지회관,-8000,KRW,모두의 쇼핑,
2022-11-18,11:07,지출,문화/여가,미분류,문화비_알라딘커뮤니케이션,18690,KRW,LOCA 롯데카드,
2022-11-17,18:37,지출,생활,미분류,씨유(CU) 독산롯데캐슬점,-5200,KRW,신한은행 The More,
2022-11-17,13:05,지출,식사,미분류,프랭크버거 독산역점,-7400,KRW,신한은행 The More,
2022-11-17,08:39,지출,생활,미분류,GS25 가산대륭점,-1500,KRW,신한은행 The More,
2022-11-17,08:36,지출,카페/간식,미분류,매머드익스프레스독산점,-1700,KRW,신한은행 The More,
2022-11-17,00:11,지출,문화/여가,미분류,문화비_알라딘커뮤니케이션,-18690,KRW,LOCA 롯데카드,
2022-11-16,18:31,지출,생활,미분류,이마트24가산루벤스점,-8000,KRW,신한은행 The More,
2022-11-16,17:58,지출,문화/여가,미분류,알라딘커뮤니케이션,18332,KRW,LOCA 롯데카드,
2022-11-16,16:48,지출,문화/여가,미분류,알라딘커뮤니케이션,-18332,KRW,LOCA 롯데카드,
2022-11-16,13:44,지출,카페/간식,미분류,커피사피엔스 대륭22차점,-7000,KRW,신한은행 The More,
2022-11-16,13:06,지출,식사,미분류,미스사이공 독산역점,-7400,KRW,신한은행 The More,
2022-11-16,05:58,지출,카페/간식,미분류,Apple,-12000,KRW,신한은행 The More,
2022-11-15,19:55,지출,식사,미분류,네이버파이낸셜 주식회사,-32870,KRW,신한은행 The More,
2022-11-15,12:56,지출,식사,미분류,더(the)좋은밥상,-6300,KRW,모두의 쇼핑,
2022-11-15,09:14,지출,주거/통신,미분류,LOCA,-23100,KRW,LOCA 롯데카드,
2022-11-14,19:24,지출,식사,미분류,베트남쌀국수,-8000,KRW,모두의 쇼핑,
2022-11-14,13:32,지출,카페/간식,미분류,커피사피엔스(대륭22차점),-4500,KRW,모두의 쇼핑,
2022-11-14,08:40,지출,문화/여가,미분류,네이버페이,-2500,KRW,LOCA 롯데카드,
2022-11-13,19:14,지출,카페/간식,미분류,얼음과자(마곡나루점),-5700,KRW,신한은행 The More,
2022-11-13,19:04,지출,생활,미분류,씨유(CU)마곡센트럴점,-9900,KRW,신한은행 The More,
2022-11-13,10:27,지출,카페/간식,미분류,원유로스페셜티 강동구 마곡나루동점,-2000,KRW,신한은행 The More,
2022-11-11,19:37,지출,식사,미분류,마하나콘,-36000,KRW,신한은행 The More,
2022-11-11,15:59,지출,생활,미분류,세븐일레븐 금천에이스점,-17000,KRW,신한은행 The More,
2022-11-11,13:28,지출,식사,미분류,란콰이펑 누들 독산점,-14000,KRW,신한은행 The More,
2022-11-10,18:55,지출,생활,미분류,이마트24 금천점,-9500,KRW,신한은행 The More,
2022-11-10,13:34,지출,카페/간식,미분류,커피사피엔스 대륭22차점,-7000,KRW,신한은행 The More,
2022-11-10,13:31,지출,식사,미분류,천지회관,-8000,KRW,신한은행 The More,
2022-11-09,20:44,지출,카페/간식,미분류,수제빵미소빵긋,-4500,KRW,모두의 쇼핑,
2022-11-09,20:42,지출,식사,미분류,마하나콘,-10000,KRW,모두의 쇼핑,
2022-11-09,19:37,지출,식사,미분류,네이버페이,-35870,KRW,신한은행 The More,
2022-11-09,13:28,지출,식사,미분류,바론중식,-8500,KRW,신한은행 The More,
2022-11-09,08:41,지출,생활,미분류,지에스25 가산대륭점,-2000,KRW,모두의 쇼핑,
2022-11-09,00:59,지출,식사,미분류,네이버페이,-6900,KRW,신한은행 The More,
2022-11-08,19:18,지출,생활,미분류,씨유(CU)대륭승리점,-5850,KRW,신한은행 The More,
2022-11-08,13:32,지출,카페/간식,미분류,커피사피엔스 대륭22차점,-5000,KRW,신한은행 The More,
2022-11-08,13:05,지출,식사,미분류,더(the)좋은밥상,-6300,KRW,신한은행 The More,
2022-11-08,10:09,지출,카페/간식,미분류,커피사피엔스 대륭22차점,-30800,KRW,신한은행 The More,
2022-11-08,02:14,지출,카페/간식,미분류,아이스365독산,-600,KRW,모두의 쇼핑,
2022-11-08,01:58,지출,생활,미분류,씨유(CU) 독산롯데캐슬점,-3800,KRW,모두의 쇼핑,
2022-11-07,19:19,지출,카페/간식,미분류,아이스365독산,-1000,KRW,모두의 쇼핑,
2022-11-07,18:54,지출,식사,미분류,베트남쌀국수,-8000,KRW,모두의 쇼핑,
2022-11-07,13:28,지출,식사,미분류,동남집,-8000,KRW,신한은행 The More,
2022-11-07,08:43,지출,생활,미분류,GS25 가산대륭점,-1500,KRW,신한은행 The More,
2022-11-05,19:06,지출,식사,미분류,네이버파이낸셜 주식회사,-37990,KRW,신한은행 The More,
2022-11-04,20:17,지출,생활,미분류,(주)이마트에브리데이마곡나루점,-39770,KRW,모두의 쇼핑,
2022-11-04,19:45,지출,문화/여가,미분류,카카오_카카오페이,-18900,KRW,신한은행 The More,
2022-11-04,13:33,지출,카페/간식,미분류,커피사피엔스 대륭22차점,-5000,KRW,신한은행 The More,
2022-11-04,13:29,지출,식사,미분류,국수나무 가산하이엔드점,-7500,KRW,신한은행 The More,
2022-11-04,08:36,지출,생활,미분류,지에스25 가산대륭점,-1500,KRW,모두의 쇼핑,
2022-11-04,08:33,지출,카페/간식,미분류,매머드익스프레스독산점,-1700,KRW,신한은행 The More,
2022-11-04,07:38,지출,경조사,미분류,네이버페이,-16000,KRW,모두의 쇼핑,
2022-11-03,13:40,지출,카페/간식,미분류,커피사피엔스 대륭22차점,-5000,KRW,신한은행 The More,
2022-11-03,13:35,지출,식사,미분류,인싸치킨,-10000,KRW,신한은행 The More,
2022-11-03,09:48,지출,식사,미분류,네이버페이,-24137,KRW,신한은행 The More,
2022-11-03,08:35,지출,카페/간식,미분류,매머드익스프레스독산점,-1700,KRW,모두의 쇼핑,
2022-11-03,08:30,지출,식사,미분류,김가네,-4900,KRW,모두의 쇼핑,
2022-11-01,21:26,지출,교통,미분류,티머니택시_0,-5100,KRW,LOCA 롯데카드,
2022-11-01,20:54,지출,식사,미분류,(주)씨엘그룹,-6700,KRW,LOCA 롯데카드,
2022-11-01,18:04,지출,문화/여가,미분류,KCP-알라딘커뮤니케이션,-19,KRW,KT BIGPOT Plus(빅팟 플러스) 카드,
2022-11-01,18:02,지출,문화/여가,미분류,문화비(알라딘)_KCP,-149,KRW,KT BIGPOT Plus(빅팟 플러스) 카드,
2022-11-01,13:27,지출,식사,미분류,한국수 독산역점,-8500,KRW,LOCA 롯데카드,
2022-10-31,19:52,지출,생활,미분류,이마트24 금천점,-9900,KRW,신한은행 The More,
2022-10-31,19:23,지출,문화/여가,미분류,네이버페이,-28270,KRW,LOCA 롯데카드,
2022-10-31,13:28,지출,카페/간식,미분류,커피사피엔스(대륭22차점),-2500,KRW,LOCA 롯데카드,
2022-10-31,13:24,지출,식사,미분류,란콰이펑 누들 독산점,-8000,KRW,LOCA 롯데카드,
2022-10-31,08:39,지출,카페/간식,미분류,대표인증_0,-1700,KRW,LOCA 롯데카드,
2022-10-31,08:35,지출,생활,미분류,코레일유통주식회사(독산역),-2700,KRW,LOCA 롯데카드,
2022-10-31,00:36,지출,생활,미분류,GS25 마곡나루6단지점,-3600,KRW,LOCA 롯데카드,
2022-10-30,21:14,지출,카페/간식,미분류,얼음과자(마곡나루점),-1700,KRW,LOCA 롯데카드,
2022-10-29,19:14,지출,문화/여가,미분류,네이버페이,-56750,KRW,LOCA 롯데카드,
2022-10-29,19:05,지출,식사,미분류,아부찌 마곡나루점,-10900,KRW,LOCA 롯데카드,
2022-10-29,12:45,지출,술/유흥,미분류,술샵(sul shop),-29000,KRW,LOCA 롯데카드,
2022-10-29,12:30,지출,카페/간식,미분류,베이크하임,-9000,KRW,LOCA 롯데카드,
2022-10-28,22:38,지출,생활,미분류,(주)이마트에브리데이 마곡나루점,-13400,KRW,LOCA 롯데카드,
2022-10-28,21:02,지출,카페/간식,미분류,뷰클랜드,-20800,KRW,LOCA 롯데카드,
2022-10-27,21:49,지출,문화/여가,미분류,알라딘_TOSS,-8770,KRW,모두의 쇼핑,
2022-10-27,21:49,지출,문화/여가,미분류,알라딘_문화비_TOSS,-53800,KRW,모두의 쇼핑,
2022-10-27,21:47,지출,문화/여가,미분류,알라딘_TOSS,4970,KRW,모두의 쇼핑,
2022-10-27,21:47,지출,문화/여가,미분류,알라딘_문화비_TOSS,53800,KRW,모두의 쇼핑,
2022-10-27,21:46,지출,문화/여가,미분류,알라딘_TOSS,-4970,KRW,모두의 쇼핑,
2022-10-27,21:46,지출,문화/여가,미분류,알라딘_문화비_TOSS,-53800,KRW,모두의 쇼핑,
2022-10-27,18:47,지출,식사,미분류,바론중식,-26000,KRW,LOCA 롯데카드,
2022-10-27,08:34,지출,생활,미분류,GS25 가산대륭점,-2200,KRW,LOCA 롯데카드,
2022-10-27,08:31,지출,카페/간식,미분류,대표인증_0,-740,KRW,LOCA 롯데카드,
2022-10-26,18:19,지출,생활,미분류,이마트24 금천점,-2500,KRW,LOCA 롯데카드,
2022-10-26,13:26,지출,카페/간식,미분류,스타벅스코리아,-24100,KRW,LOCA 롯데카드,
2022-10-26,13:03,지출,식사,미분류,다운푸드,-6300,KRW,LOCA 롯데카드,
2022-10-26,08:41,지출,식사,미분류,김가네,-4900,KRW,LOCA 롯데카드,
2022-10-25,18:24,지출,생활,미분류,이마트24 금천점,-4200,KRW,LOCA 롯데카드,
2022-10-25,13:30,지출,카페/간식,미분류,커피사피엔스(대륭22차점),-4500,KRW,LOCA 롯데카드,
2022-10-25,13:27,지출,식사,미분류,천지회관,-8000,KRW,LOCA 롯데카드,
2022-10-24,20:14,지출,의복/미용,미분류,쿠팡(쿠페이),-10900,KRW,LOCA 롯데카드,
2022-10-24,19:47,지출,식사,미분류,네이버페이,-22724,KRW,LOCA 롯데카드,
2022-10-24,18:35,지출,카페/간식,미분류,아이스365독산,-1000,KRW,LOCA 롯데카드,
2022-10-24,18:01,지출,식사,미분류,미스사이공 독산역점,-7400,KRW,LOCA 롯데카드,
2022-10-24,13:24,지출,식사,미분류,일등카레,-8000,KRW,LOCA 롯데카드,
2022-10-23,12:11,지출,카페/간식,미분류,카카오페이,-3490,KRW,LOCA 롯데카드,
2022-10-22,17:49,지출,생활,미분류,GS25 마곡나루6단지점,-15000,KRW,LOCA 롯데카드,
2022-10-21,13:27,지출,카페/간식,미분류,커피사피엔스(대륭22차점),-4500,KRW,LOCA 롯데카드,
2022-10-21,09:55,지출,카페/간식,미분류,매머드익스프레스독산점,-35500,KRW,LOCA 롯데카드,
2022-10-21,08:39,지출,생활,미분류,GS25 가산대륭점,-2000,KRW,LOCA 롯데카드,
2022-10-21,08:33,지출,의복/미용,미분류,대표인증_1,-1700,KRW,신한은행 The More,
2022-10-20,20:51,지출,식사,미분류,팔각도 신도림역점,-52800,KRW,LOCA 롯데카드,
2022-10-20,13:04,지출,식사,미분류,더(the)좋은밥상,-12600,KRW,LOCA 롯데카드,
2022-10-20,08:40,지출,생활,미분류,GS25 가산대륭점,-2000,KRW,LOCA 롯데카드,
2022-10-20,08:34,지출,의복/미용,미분류,대표인증_1,-1700,KRW,신한은행 The More,
2022-10-20,04:53,지출,카페/간식,미분류,네이버페이,-7400,KRW,신한은행 The More,
2022-10-19,18:18,지출,생활,미분류,GS25 금천사랑점,-2800,KRW,LOCA 롯데카드,
2022-10-19,13:28,지출,식사,미분류,바론중식,-43500,KRW,LOCA 롯데카드,
2022-10-19,08:29,지출,생활,미분류,GS25 가산대륭점,-1500,KRW,LOCA 롯데카드,
2022-10-19,08:27,지출,의복/미용,미분류,대표인증_1,-1700,KRW,신한은행 The More,
2022-10-18,20:32,지출,식사,미분류,네이버페이,-24189,KRW,LOCA 롯데카드,
2022-10-18,13:32,지출,카페/간식,미분류,커피사피엔스(대륭22차점),-6500,KRW,LOCA 롯데카드,
2022-10-18,13:27,지출,식사,미분류,한국수 독산역점,-9000,KRW,LOCA 롯데카드,
2022-10-18,11:07,지출,문화/여가,미분류,문화비_알라딘커뮤니케이션,18690,KRW,LOCA 롯데카드,
2022-10-18,08:23,지출,의복/미용,미분류,대표인증_1,-1700,KRW,신한은행 The More,
2022-10-17,18:21,지출,생활,미분류,씨유(CU) 독산롯데캐슬점,-4200,KRW,LOCA 롯데카드,
2022-10-17,13:25,지출,식사,미분류,국수나무 가산하이엔드점,-9000,KRW,LOCA 롯데카드,
2022-10-17,09:56,지출,주거/통신,미분류,LOCA,-23100,KRW,LOCA 롯데카드,
2022-10-17,08:43,지출,의복/미용,미분류,대표인증_1,-1700,KRW,신한은행 The More,
2022-10-17,08:38,지출,생활,미분류,코레일유통주식회사(독산역),-2700,KRW,LOCA 롯데카드,
2022-10-17,00:11,지출,문화/여가,미분류,문화비_알라딘커뮤니케이션,-18690,KRW,LOCA 롯데카드,
2022-10-16,18:25,지출,여행/숙박,미분류,HEROKU                 SAN FRANCISCO CA,1054,KRW,LOCA 롯데카드,
2022-10-16,18:25,지출,여행/숙박,미분류,HEROKU                 SAN FRANCISCO CA,-1054,KRW,LOCA 롯데카드,
2022-10-16,17:58,지출,문화/여가,미분류,알라딘커뮤니케이션,18332,KRW,LOCA 롯데카드,
2022-10-16,16:48,지출,문화/여가,미분류,알라딘커뮤니케이션,-18332,KRW,LOCA 롯데카드,
2022-10-16,16:39,지출,의복/미용,미분류,네이버페이,55370,KRW,LOCA 롯데카드,
2022-10-16,11:25,지출,의복/미용,미분류,네이버파이낸셜(주),-36120,KRW,LOCA 롯데카드,
2022-10-16,07:48,지출,문화/여가,미분류,네이버페이,-55370,KRW,LOCA 롯데카드,
2022-10-15,18:12,지출,식사,미분류,제일맛있는집,-10500,KRW,LOCA 롯데카드,
2022-10-15,16:53,지출,의복/미용,미분류,씨제이올리브영(주)신논현역점,-4600,KRW,LOCA 롯데카드,
2022-10-15,15:19,지출,카페/간식,미분류,배스킨라빈스 강남신논현,-7000,KRW,LOCA 롯데카드,
2022-10-15,11:20,지출,식사,미분류,"그라츠샐러드,샌드위치",-25500,KRW,LOCA 롯데카드,
2022-10-14,20:36,지출,생활,미분류,(주)이마트에브리데이마곡나루점,-10900,KRW,모두의 쇼핑,
2022-10-14,18:42,지출,식사,미분류,원조감자탕일미집 독산역점,-16000,KRW,모두의 쇼핑,
2022-10-14,13:35,지출,문화/여가,미분류,CJ올리브네트웍스_PG(인증),-23000,KRW,LOCA 롯데카드,
2022-10-14,13:20,지출,카페/간식,미분류,커피사피엔스(대륭22차점),-4000,KRW,모두의 쇼핑,
2022-10-14,12:58,지출,식사,미분류,더(the)좋은밥상,-6300,KRW,모두의 쇼핑,
2022-10-14,08:36,지출,의복/미용,미분류,대표인증_1,-1700,KRW,신한은행 The More,
2022-10-14,08:30,지출,생활,미분류,씨유(CU) 대륭21차점,-3700,KRW,모두의 쇼핑,
2022-10-13,18:13,지출,생활,미분류,이마트24 금천점,-1400,KRW,모두의 쇼핑,
2022-10-13,12:58,지출,식사,미분류,더(the)좋은밥상,-6300,KRW,모두의 쇼핑,
2022-10-13,08:31,지출,의복/미용,미분류,대표인증_1,-1700,KRW,신한은행 The More,
2022-10-13,08:29,지출,식사,미분류,김가네,-4900,KRW,모두의 쇼핑,
2022-10-12,20:30,지출,식사,미분류,서대문 김치찜 앤 삼겹살,-13000,KRW,신한은행 The More,
2022-10-11,21:03,지출,카페/간식,미분류,카카오쇼핑하기_주식회사 카카오페이,-8860,KRW,신한은행 The More,
2022-10-11,20:21,지출,식사,미분류,박가네 손만두,-8500,KRW,신한은행 The More,
2022-10-11,18:03,지출,문화/여가,미분류,(주)포스트큐브,-5412,KRW,신한은행 The More,
2022-10-11,13:31,지출,카페/간식,미분류,커피사피엔스 대륭22차점,-7000,KRW,신한은행 The More,
2022-10-11,13:28,지출,식사,미분류,가산4호점 담소사골순대,-7800,KRW,신한은행 The More,
2022-10-11,08:43,지출,의복/미용,미분류,대표인증_1,-1700,KRW,신한은행 The More,
2022-10-11,06:59,지출,생활,미분류,지에스(GS)25 마곡나루6단지점,-1000,KRW,신한은행 The More,
2022-10-10,14:57,지출,식사,미분류,쿠팡(주),-27790,KRW,신한은행 The More,
2022-10-09,20:12,지출,카페/간식,미분류,카페노란코끼리,-5500,KRW,신한은행 The More,
2022-10-09,19:33,지출,의복/미용,미분류,(주)현대백화점천호점,-18000,KRW,신한은행 The More,
2022-10-09,18:37,지출,의복/미용,미분류,(주)엔터식스패션쇼핑몰 천호역점,-5000,KRW,신한은행 The More,
2022-10-08,18:43,지출,생활,미분류,배민페이(B마트),-44653,KRW,신한은행 The More,
2022-10-08,13:28,지출,식사,미분류,(주)우아한형제들,-27900,KRW,신한은행 The More,
2022-10-08,00:13,지출,생활,미분류,GS25 봉천 낙성점,-5800,KRW,신한은행 The More,
2022-10-08,00:01,지출,생활,미분류,GS25 봉천 낙성점,-7250,KRW,신한은행 The More,
2022-10-07,23:20,지출,식사,미분류,(주)우아한형제들,-38000,KRW,신한은행 The More,
2022-10-07,23:01,지출,술/유흥,미분류,펀비어킹 금천독산역점,-306500,KRW,신한은행 The More,
2022-10-07,13:37,지출,식사,미분류,바론중식,-7000,KRW,신한은행 The More,
2022-10-07,08:37,지출,의복/미용,미분류,대표인증_1,-1700,KRW,신한은행 The More,
2022-10-07,00:52,지출,카페/간식,미분류,아이스365독산,-1000,KRW,신한은행 The More,
2022-10-07,00:34,지출,생활,미분류,이마트24 금천점,-2400,KRW,신한은행 The More,
2022-10-06,13:28,지출,식사,미분류,국수나무 가산하이엔드점,-9000,KRW,신한은행 The More,
2022-10-06,08:40,지출,생활,미분류,씨유(CU) 대륭21차점,-3700,KRW,신한은행 The More,
2022-10-05,22:53,지출,문화/여가,미분류,네이버페이,-47816,KRW,신한은행 The More,
2022-10-05,19:39,지출,생활,미분류,이마트24 금천점,-2500,KRW,신한은행 The More,
2022-10-05,13:27,지출,식사,미분류,란콰이펑 누들 독산점,-15500,KRW,신한은행 The More,
2022-10-05,08:41,지출,생활,미분류,GS25 가산대륭점,-4500,KRW,신한은행 The More,
2022-10-05,08:33,지출,의복/미용,미분류,대표인증_1,-1700,KRW,신한은행 The More,
2022-10-04,18:56,지출,식사,미분류,(주)우아한형제들,-26270,KRW,LOCA 롯데카드,
2022-10-04,13:38,지출,카페/간식,미분류,커피사피엔스 대륭22차점,-4000,KRW,신한은행 The More,
2022-10-03,20:09,지출,술/유흥,미분류,아싸맥싸,-5300,KRW,신한은행 The More,
2022-10-03,11:29,지출,식사,미분류,프라임청솔향기,-17000,KRW,신한은행 The More,
2022-10-03,10:05,지출,의복/미용,미분류,카카오쇼핑하기_주식회사 카카오페이,-8900,KRW,신한은행 The More,
2022-10-03,09:48,지출,식사,미분류,네이버페이,-24137,KRW,신한은행 The More,
2022-10-02,12:25,지출,생활,미분류,(주)이마트에브리데이 마곡나루점,-7470,KRW,신한은행 The More,
2022-10-02,05:07,지출,의복/미용,미분류,카카오쇼핑하기_주식회사 카카오페이,-8500,KRW,신한은행 The More,
2022-10-02,01:01,지출,식사,미분류,구글클라우드코리아,-2153,KRW,LOCA 롯데카드,
2022-10-01,20:00,지출,생활,미분류,(주)이마트에브리데이 마곡나루점,-2990,KRW,신한은행 The More,
2022-10-01,19:57,지출,생활,미분류,(주)이마트에브리데이 마곡나루점,-4900,KRW,신한은행 The More,
2022-10-01,19:54,지출,식사,미분류,명가통닭 마곡나루점,-9000,KRW,신한은행 The More,
2022-10-01,18:04,지출,문화/여가,미분류,KCP-알라딘커뮤니케이션,-19,KRW,KT BIGPOT Plus(빅팟 플러스) 카드,
2022-10-01,18:02,지출,문화/여가,미분류,문화비(알라딘)_KCP,-149,KRW,KT BIGPOT Plus(빅팟 플러스) 카드,
2022-10-01,13:25,지출,식사,미분류,(주)우아한형제들,-87000,KRW,신한은행 The More,
2022-10-01,08:36,지출,생활,미분류,GS25 가산대륭점,-2200,KRW,신한은행 The More,
2022-09-30,20:17,지출,식사,미분류,인케이 코리아주식회사 가산점,-13000,KRW,신한은행 The More,
2022-09-30,13:34,지출,카페/간식,미분류,커피사피엔스 대륭22차점,-6000,KRW,신한은행 The More,
2022-09-30,08:37,지출,생활,미분류,GS25 가산대륭점,-2600,KRW,신한은행 The More,
2022-09-29,20:52,지출,생활,미분류,이마트24 금천점,-3900,KRW,신한은행 The More,
2022-09-29,19:14,지출,문화/여가,미분류,네이버페이,-56750,KRW,LOCA 롯데카드,
2022-09-29,13:52,지출,미분류,미분류,네이버파이낸셜(주),4900,KRW,LOCA 롯데카드,
2022-09-29,13:31,지출,식사,미분류,일등카레,-8000,KRW,신한은행 The More,
2022-09-29,10:03,지출,미분류,미분류,네이버파이낸셜(주),-4900,KRW,LOCA 롯데카드,
2022-09-29,08:36,지출,생활,미분류,GS25 가산대륭점,-2300,KRW,신한은행 The More,
2022-09-29,08:33,지출,의복/미용,미분류,대표인증_1,-1400,KRW,신한은행 The More,
2022-09-28,21:11,지출,미분류,미분류,kcp.co.kr,-51162,KRW,신한은행 The More,
2022-09-28,13:27,지출,식사,미분류,바론중식,-7500,KRW,신한은행 The More,
2022-09-28,08:33,지출,생활,미분류,GS25  독산우림점,-1500,KRW,신한은행 The More,
2022-09-27,22:55,지출,미분류,미분류,네이버페이,-37745,KRW,신한은행 The More,
2022-09-27,15:13,지출,교통,미분류,티머니 지하철,-650,KRW,모두의 쇼핑,
2022-09-27,15:13,지출,교통,미분류,티머니 버스,-1200,KRW,모두의 쇼핑,
2022-09-27,08:35,지출,생활,미분류,GS25 가산대륭점,-4600,KRW,신한은행 The More,
2022-09-27,08:30,지출,의복/미용,미분류,대표인증_1,-1700,KRW,신한은행 The More,
2022-09-26,22:36,지출,식사,미분류,(주)우아한형제들,-18500,KRW,신한은행 The More,
2022-09-26,21:02,지출,카페/간식,미분류,아이스365독산,-1000,KRW,신한은행 The More,
2022-09-26,20:39,지출,생활,미분류,세븐일레븐 금천롯데타워점,-2800,KRW,신한은행 The More,
2022-09-26,20:37,지출,생활,미분류,세븐일레븐 금천롯데타워점,-4500,KRW,신한은행 The More,
2022-09-26,19:26,지출,문화/여가,미분류,(주)포스트큐브,-5412,KRW,LOCA 롯데카드,
2022-09-26,13:30,지출,카페/간식,미분류,커피사피엔스(대륭22차점),-6500,KRW,LOCA 롯데카드,
2022-09-26,13:26,지출,식사,미분류,가산4호점 담소사골순대,-7500,KRW,LOCA 롯데카드,
2022-09-26,08:30,지출,생활,미분류,지에스25 가산대륭점,-1500,KRW,모두의 쇼핑,
2022-09-26,08:26,지출,의복/미용,미분류,대표인증_1,-1700,KRW,신한은행 The More,
2022-09-25,15:45,지출,카페/간식,미분류,얼음과자(마곡나루점),-1500,KRW,모두의 쇼핑,
2022-09-25,15:44,지출,카페/간식,미분류,얼음과자(마곡나루점),-9500,KRW,모두의 쇼핑,
2022-09-24,18:04,지출,식사,미분류,(주)우아한형제들,-13900,KRW,LOCA 롯데카드,
2022-09-24,14:52,지출,생활,미분류,(주)골드그린마트,-15320,KRW,LOCA 롯데카드,
2022-09-24,13:25,지출,식사,미분류,스파게티스토리,-8500,KRW,LOCA 롯데카드,
2022-09-23,21:36,지출,식사,미분류,속초오징어어시장,-84500,KRW,LOCA 롯데카드,
2022-09-23,19:21,지출,미분류,미분류,카카오(상품권),-10000,KRW,LOCA 롯데카드,
2022-09-23,18:07,지출,문화/여가,미분류,예스이십사도서_문화비,-28800,KRW,LOCA 롯데카드,
2022-09-23,12:58,지출,식사,미분류,쉐프의밥상,-6300,KRW,모두의 쇼핑,
2022-09-23,10:22,지출,주거/통신,미분류,LOCA,-23100,KRW,LOCA 롯데카드,
2022-09-22,13:27,지출,카페/간식,미분류,커피사피엔스(대륭22차점),-4000,KRW,모두의 쇼핑,
2022-09-22,13:24,지출,식사,미분류,값진백암순대,-9000,KRW,모두의 쇼핑,
2022-09-22,08:35,지출,미분류,미분류,대표인증_0,-1700,KRW,LOCA 롯데카드,
2022-09-21,20:12,지출,생활,미분류,GS25금천사랑점,-2750,KRW,모두의 쇼핑,
2022-09-21,20:09,지출,식사,미분류,로운분식,-9000,KRW,모두의 쇼핑,
2022-09-21,13:33,지출,식사,미분류,국수나무 가산하이엔드점,-9000,KRW,모두의 쇼핑,
2022-09-21,08:30,지출,생활,미분류,GS25독산우림점,-1500,KRW,모두의 쇼핑,
2022-09-20,18:41,지출,생활,미분류,씨유(CU) 독산롯데캐슬점,-4000,KRW,모두의 쇼핑,
2022-09-20,12:55,지출,식사,미분류,쉐프의밥상,-6300,KRW,모두의 쇼핑,
2022-09-20,08:31,지출,카페/간식,미분류,매머드익스프레스독산점,-1700,KRW,모두의 쇼핑,
2022-09-19,23:35,지출,생활,미분류,이마트24 금천점,-4100,KRW,모두의 쇼핑,
2022-09-19,19:29,지출,미분류,미분류,카카오_선물하기(상품권),-10000,KRW,LOCA 롯데카드,
2022-09-19,13:17,지출,카페/간식,미분류,커피사피엔스(대륭22차점),-4000,KRW,모두의 쇼핑,
2022-09-19,12:53,지출,식사,미분류,푸드명가,-6300,KRW,모두의 쇼핑,
2022-09-19,09:55,지출,식사,미분류,배달의민족_선물하기,-30000,KRW,LOCA 롯데카드,
2022-09-19,08:34,지출,생활,미분류,지에스25 가산대륭점,-1000,KRW,모두의 쇼핑,
2022-09-19,08:31,지출,미분류,미분류,대표인증_0,-1700,KRW,LOCA 롯데카드,
2022-09-17,19:51,지출,미분류,미분류,네이버페이,-24405,KRW,모두의 쇼핑,
2022-09-17,19:22,지출,미분류,미분류,아이허브_KCP,-45946,KRW,모두의 쇼핑,
2022-09-17,13:01,지출,식사,미분류,미스사이공 독산역점,-6800,KRW,모두의 쇼핑,
2022-09-17,08:27,지출,카페/간식,미분류,파리바게뜨,-3400,KRW,모두의 쇼핑,
2022-09-16,18:45,지출,생활,미분류,이마트24 금천점,-2500,KRW,모두의 쇼핑,
2022-09-16,13:29,지출,식사,미분류,국수나무 가산하이엔드점,-9000,KRW,모두의 쇼핑,
2022-09-16,08:31,지출,카페/간식,미분류,매머드익스프레스독산점,-1700,KRW,모두의 쇼핑,
2022-09-15,21:02,지출,생활,미분류,이마트24 금천점,-2500,KRW,모두의 쇼핑,
2022-09-15,14:35,지출,교통,미분류,티머니 버스,-2000,KRW,모두의 쇼핑,
2022-09-15,14:35,지출,교통,미분류,티머니 지하철,-3400,KRW,모두의 쇼핑,
2022-09-15,14:35,지출,교통,미분류,경기시내버스_이비,-1450,KRW,모두의 쇼핑,
2022-09-15,12:54,지출,식사,미분류,푸드명가,-6300,KRW,모두의 쇼핑,
2022-09-15,08:29,지출,생활,미분류,지에스25 가산대륭점,-2000,KRW,모두의 쇼핑,
2022-09-15,08:26,지출,카페/간식,미분류,매머드익스프레스독산점,-1700,KRW,모두의 쇼핑,
2022-09-15,00:25,지출,생활,미분류,이마트24 금천점,-5100,KRW,모두의 쇼핑,
2022-09-14,21:40,지출,식사,미분류,로향,-61000,KRW,모두의 쇼핑,
2022-09-14,19:46,지출,생활,미분류,지에스더프레시미사점,-16570,KRW,신한은행 The More,
2022-09-14,13:21,지출,카페/간식,미분류,커피사피엔스(대륭22차점),-4000,KRW,모두의 쇼핑,
2022-09-14,12:55,지출,식사,미분류,푸드명가,-6300,KRW,모두의 쇼핑,
2022-09-13,20:03,지출,생활,미분류,이마트24 금천점,-8100,KRW,LOCA 롯데카드,
2022-09-13,12:58,지출,식사,미분류,푸드명가,-6300,KRW,LOCA 롯데카드,
2022-09-13,08:41,지출,미분류,미분류,대표인증_0,-1700,KRW,LOCA 롯데카드,
2022-09-11,22:54,지출,생활,미분류,GS25 마곡나루6단지점,-11000,KRW,LOCA 롯데카드,
2022-09-11,11:34,지출,문화/여가,미분류,예스이십사도서_문화비,-18600,KRW,LOCA 롯데카드,
2022-09-10,22:06,지출,미분류,미분류,쿠팡(쿠페이),-64630,KRW,LOCA 롯데카드,
2022-09-10,22:01,지출,미분류,미분류,쿠팡(쿠페이),61920,KRW,LOCA 롯데카드,
2022-09-10,21:49,지출,미분류,미분류,쿠팡(쿠페이),-61920,KRW,LOCA 롯데카드,
2022-09-10,21:36,지출,카페/간식,미분류,얼음과자(마곡나루점),-3300,KRW,LOCA 롯데카드,
2022-09-10,21:28,지출,미분류,미분류,쿠팡(쿠페이),46030,KRW,LOCA 롯데카드,
2022-09-10,21:16,지출,미분류,미분류,쿠팡(쿠페이),-46030,KRW,LOCA 롯데카드,
2022-09-10,12:29,지출,미분류,미분류,네이버파이낸셜(주),-29891,KRW,LOCA 롯데카드,
2022-09-09,21:11,지출,식사,미분류,마라,-48000,KRW,LOCA 롯데카드,
2022-09-09,12:37,지출,카페/간식,미분류,아모르미오(Amor mio),-11000,KRW,LOCA 롯데카드,
2022-09-09,04:21,지출,생활,미분류,지에스25 사당시티점,-11000,KRW,LOCA 롯데카드,
2022-09-09,04:08,지출,식사,미분류,전주전집,-45000,KRW,LOCA 롯데카드,
2022-09-08,19:10,지출,미분류,미분류,네이버파이낸셜 주식회사,-46058,KRW,신한은행 The More,
2022-09-08,17:03,지출,카페/간식,미분류,페니커피로스터스(Penny Coffee Roasters),-6000,KRW,LOCA 롯데카드,
2022-09-08,17:01,지출,생활,미분류,세븐일레븐 사당중앙점,-5500,KRW,LOCA 롯데카드,
2022-09-08,16:56,지출,술/유흥,미분류,광안리옆집,-38000,KRW,LOCA 롯데카드,
2022-09-08,00:10,지출,미분류,미분류,카카오쇼핑하기_주식회사 카카오페이,-3900,KRW,신한은행 The More,
2022-09-08,00:07,지출,미분류,미분류,카카오쇼핑하기_주식회사 카카오페이,7800,KRW,신한은행 The More,
2022-09-08,00:01,지출,미분류,미분류,카카오쇼핑하기_주식회사 카카오페이,-7800,KRW,신한은행 The More,
2022-09-07,20:07,지출,생활,미분류,(주)이마트에브리데이 마곡나루점,-6190,KRW,신한은행 The More,
2022-09-07,12:54,지출,식사,미분류,푸드명가,-6300,KRW,프렌즈 체크카드,
2022-09-07,08:27,지출,미분류,미분류,카카오페이_1,-1700,KRW,신한은행 The More,
2022-09-06,19:42,지출,생활,미분류,씨유(CU) 독산롯데캐슬점,-5100,KRW,신한은행 The More,
2022-09-06,13:36,지출,식사,미분류,한국수독산역점,-22500,KRW,프렌즈 체크카드,
2022-09-06,08:30,지출,미분류,미분류,대표인증(1)_나이스,-1700,KRW,모두의 쇼핑,
2022-09-05,19:34,지출,생활,미분류,이마트24 금천점,-2500,KRW,모두의 쇼핑,
2022-09-05,19:32,지출,생활,미분류,이마트24 금천점,-3650,KRW,모두의 쇼핑,
2022-09-05,13:29,지출,식사,미분류,동남집,-8000,KRW,프렌즈 체크카드,
2022-09-05,10:53,지출,미분류,미분류,대표인증(1)_나이스,-1700,KRW,모두의 쇼핑,
2022-09-04,19:46,지출,카페/간식,미분류,서울페이플러스(간편결제),36000,KRW,신한은행 The More,
2022-09-04,13:14,지출,미분류,미분류,서울특별시,800,KRW,프렌즈 체크카드,
2022-09-04,12:48,지출,미분류,미분류,서울특별시,-800,KRW,프렌즈 체크카드,
2022-09-04,11:33,지출,카페/간식,미분류,매머드익스프레스 마곡나루점,-1700,KRW,모두의 쇼핑,
2022-09-04,11:16,지출,미분류,미분류,대표인증(3)_나이스,-16000,KRW,모두의 쇼핑,
2022-09-03,15:12,지출,생활,미분류,지에스25 가산대륭점,-1500,KRW,모두의 쇼핑,
2022-09-02,21:11,지출,생활,미분류,씨유(CU) 행운야베스점,-14700,KRW,신한은행 The More,
2022-09-02,20:40,지출,미분류,미분류,네이버파이낸셜 주식회사,-30000,KRW,신한은행 The More,
2022-09-02,19:05,지출,카페/간식,미분류,서울페이플러스(간편결제),-36000,KRW,신한은행 The More,
2022-09-02,08:30,지출,카페/간식,미분류,매머드익스프레스독산점,-1700,KRW,LOCA 롯데카드,
2022-09-01,18:04,지출,문화/여가,미분류,KCP-알라딘커뮤니케이션,-19,KRW,KT BIGPOT Plus(빅팟 플러스) 카드,
2022-09-01,18:02,지출,문화/여가,미분류,문화비(알라딘)_KCP,-149,KRW,KT BIGPOT Plus(빅팟 플러스) 카드,
2022-09-01,08:23,지출,카페/간식,미분류,매머드익스프레스독산점,-1700,KRW,LOCA 롯데카드,
2022-08-31,13:01,지출,식사,미분류,푸드명가,-6300,KRW,LOCA 롯데카드,
2022-08-31,09:54,지출,생활,미분류,GS25 가산대륭점,-1000,KRW,LOCA 롯데카드,
2022-08-30,20:52,지출,미분류,미분류,홈플러스신도림점,-4790,KRW,LOCA 롯데카드,
2022-08-30,20:26,지출,식사,미분류,교레츠라멘_신도림,-12000,KRW,LOCA 롯데카드,
2022-08-30,13:23,지출,카페/간식,미분류,커피사피엔스(대륭22차점),-8000,KRW,LOCA 롯데카드,
2022-08-30,12:57,지출,식사,미분류,푸드명가,-6300,KRW,LOCA 롯데카드,
2022-08-30,08:33,지출,카페/간식,미분류,매머드익스프레스독산점,-1700,KRW,LOCA 롯데카드,
2022-08-29,19:56,지출,생활,미분류,이마트24 금천점,-5400,KRW,LOCA 롯데카드,
2022-08-29,19:14,지출,문화/여가,미분류,네이버페이,-56750,KRW,LOCA 롯데카드,
2022-08-29,19:11,지출,미분류,미분류,네이버파이낸셜(주),-4900,KRW,LOCA 롯데카드,
2022-08-29,08:43,지출,생활,미분류,GS25 가산대륭점,-2400,KRW,LOCA 롯데카드,
2022-08-29,08:38,지출,카페/간식,미분류,매머드익스프레스독산점,-1700,KRW,LOCA 롯데카드,
2022-08-29,00:03,지출,미분류,미분류,쿠팡(와우멤버십),4990,KRW,LOCA 롯데카드,
2022-08-28,23:57,지출,미분류,미분류,쿠팡(와우멤버십),-4990,KRW,LOCA 롯데카드,
2022-08-28,17:49,지출,생활,미분류,씨유(CU)마곡센트럴점,-4700,KRW,신한은행 The More,
2022-08-28,11:31,지출,카페/간식,미분류,매머드익스프레스 마곡나루점,-2800,KRW,신한은행 The More,
2022-08-28,11:30,지출,생활,미분류,(주)골드그린마트,-8070,KRW,신한은행 The More,
2022-08-28,11:28,지출,생활,미분류,(주)골드그린마트,-7980,KRW,신한은행 The More,
2022-08-28,10:51,지출,식사,미분류,사이공본가 마곡나루점,-20800,KRW,신한은행 The More,
2022-08-27,12:17,지출,미분류,미분류,네이버페이,-1000,KRW,신한은행 The More,
2022-08-27,11:52,지출,미분류,미분류,네이버파이낸셜 주식회사,-45701,KRW,신한은행 The More,
2022-08-26,20:10,지출,생활,미분류,GS25 마곡나루6단지점,-12350,KRW,LOCA 롯데카드,
2022-08-23,22:58,지출,문화/여가,미분류,예스이십사도서_문화비,-24000,KRW,LOCA 롯데카드,
2022-08-23,09:07,지출,주거/통신,미분류,LOCA,-46660,KRW,LOCA 롯데카드,
2022-08-01,18:04,지출,문화/여가,미분류,KCP-알라딘커뮤니케이션,-19,KRW,KT BIGPOT Plus(빅팟 플러스) 카드,
2022-08-01,18:02,지출,문화/여가,미분류,문화비(알라딘)_KCP,-149,KRW,KT BIGPOT Plus(빅팟 플러스) 카드,
2022-07-27,21:01,지출,생활,미분류,(주)이마트에브리데,-1250,KRW,프렌즈 체크카드,
2022-07-27,08:45,지출,카페/간식,미분류,매머드익스프레스독,-1700,KRW,프렌즈 체크카드,
2022-07-26,13:08,지출,식사,미분류,다운푸드,-6300,KRW,프렌즈 체크카드,
2022-07-25,08:21,지출,미분류,미분류,서울특별시,-200,KRW,프렌즈 체크카드,
2022-07-24,18:33,지출,생활,미분류,GS25 마곡나루6단지점,-4050,KRW,프렌즈 체크카드,
2022-07-22,08:18,지출,생활,미분류,코레일유통(주)경인,-2700,KRW,프렌즈 체크카드,
2022-07-21,08:20,지출,생활,미분류,GS25 가산대륭점,-1500,KRW,프렌즈 체크카드,
2022-07-20,15:11,지출,생활,미분류,씨유(CU)마곡나루리버스,-3000,KRW,프렌즈 체크카드,
2022-07-19,08:24,지출,생활,미분류,GS25  독산우림점,-1500,KRW,신한은행 The More,
2022-07-19,08:20,지출,생활,미분류,코레일유통(주)경인,-2700,KRW,프렌즈 체크카드,
2022-07-18,21:51,지출,카페/간식,미분류,아이스크림 살래,-500,KRW,프렌즈 체크카드,
2022-07-18,13:33,지출,식사,미분류,동남집,-13000,KRW,프렌즈 체크카드,
2022-07-18,08:23,지출,생활,미분류,GS25독산우림점,-1500,KRW,프렌즈 체크카드,
2022-07-17,11:35,지출,카페/간식,미분류,원유로스페셜티 강동구 마곡나루동점,-2000,KRW,신한은행 The More,
2022-07-16,17:41,지출,미분류,미분류,쿠팡(주),-21500,KRW,신한은행 The More,
2022-07-16,17:16,지출,미분류,미분류,네이버파이낸셜 주식회사,-28709,KRW,신한은행 The More,
2022-07-16,15:33,지출,미분류,미분류,쿠팡(주),20630,KRW,신한은행 The More,
2022-07-16,15:15,지출,미분류,미분류,쿠팡(주),-20630,KRW,신한은행 The More,
2022-07-15,20:21,지출,생활,미분류,씨유(CU)마곡나루리버스,-2100,KRW,프렌즈 체크카드,
2022-07-15,13:02,지출,식사,미분류,쉐프의밥상,-6300,KRW,프렌즈 체크카드,
2022-07-15,08:43,지출,카페/간식,미분류,매머드익스프레스독,-1700,KRW,프렌즈 체크카드,
2022-07-15,08:34,지출,생활,미분류,GS25독산우림점,-2000,KRW,프렌즈 체크카드,
2022-07-14,20:37,지출,생활,미분류,씨유(CU)마곡나루리버스,-2100,KRW,프렌즈 체크카드,
2022-07-14,13:43,지출,식사,미분류,일등카레,-8000,KRW,프렌즈 체크카드,
2022-07-14,08:32,지출,카페/간식,미분류,매머드익스프레스독,-1700,KRW,프렌즈 체크카드,
2022-07-14,08:23,지출,생활,미분류,GS25독산우림점,-1500,KRW,프렌즈 체크카드,
2022-07-13,13:02,지출,식사,미분류,푸드명가,-6300,KRW,프렌즈 체크카드,
2022-07-13,08:44,지출,카페/간식,미분류,매머드익스프레스독,-1700,KRW,프렌즈 체크카드,
2022-07-12,13:04,지출,식사,미분류,미스사이공 독산역점,-6800,KRW,신한은행 The More,
2022-07-12,08:40,지출,카페/간식,미분류,매머드익스프레스독산점,-1700,KRW,LOCA 롯데카드,
2022-07-11,13:01,지출,식사,미분류,다운푸드,-6300,KRW,LOCA 롯데카드,
2022-07-11,08:40,지출,카페/간식,미분류,매머드익스프레스독산점,-1700,KRW,LOCA 롯데카드,
2022-07-09,18:28,지출,미분류,미분류,네이버파이낸셜 주식회사,-31870,KRW,신한은행 The More,
2022-07-09,16:42,지출,식사,미분류,과일사랑,-10000,KRW,LOCA 롯데카드,
2022-07-09,15:50,지출,카페/간식,미분류,매머드익스프레스천호점,-1400,KRW,LOCA 롯데카드,
2022-07-09,14:28,지출,생활,미분류,GS25천호위브점,-5400,KRW,LOCA 롯데카드,
2022-07-09,11:43,지출,식사,미분류,(주)우아한형제들,-27300,KRW,LOCA 롯데카드,
2022-07-08,21:33,지출,생활,미분류,씨유(CU) 행운야베스점,-10000,KRW,LOCA 롯데카드,
2022-07-08,21:23,지출,생활,미분류,동그라미슈퍼,-2000,KRW,LOCA 롯데카드,
2022-07-08,21:22,지출,생활,미분류,동그라미슈퍼,-1000,KRW,LOCA 롯데카드,
2022-07-08,21:19,지출,카페/간식,미분류,파고,-54000,KRW,LOCA 롯데카드,
2022-07-08,13:34,지출,식사,미분류,인싸치킨,-7500,KRW,신한은행 The More,
2022-07-08,08:27,지출,생활,미분류,GS25 독산우림점,-1500,KRW,LOCA 롯데카드,
2022-07-07,21:03,지출,식사,미분류,수라면가,-10000,KRW,LOCA 롯데카드,
2022-07-07,13:05,지출,식사,미분류,미스사이공 독산역점,-6800,KRW,신한은행 The More,
2022-07-06,09:52,지출,카페/간식,미분류,브루클린커피랩 독산역점,-2000,KRW,신한은행 The More,
2022-07-06,08:41,지출,생활,미분류,GS25  독산우림점,-1500,KRW,신한은행 The More,
2022-07-05,13:14,지출,식사,미분류,미스사이공 독산역점,-6800,KRW,신한은행 The More,
2022-07-05,13:01,지출,카페/간식,미분류,매머드익스프레스독산점,-1700,KRW,신한은행 The More,
2022-07-04,19:48,지출,미분류,미분류,네이버파이낸셜 주식회사,-21870,KRW,신한은행 The More,
2022-07-04,19:01,지출,카페/간식,미분류,메가엠지씨커피미사역점,-4100,KRW,신한은행 The More,
2022-07-04,13:10,지출,식사,미분류,김가네,-4800,KRW,신한은행 The More,
2022-07-04,08:23,지출,생활,미분류,GS25  독산우림점,-1000,KRW,신한은행 The More,
2022-07-02,19:33,지출,생활,미분류,(주)이마트에브리데이 마곡나루점,-25990,KRW,신한은행 The More,
2022-07-01,19:54,지출,식사,미분류,주식회사 이스턴웰스,-1700,KRW,신한은행 The More,
2022-07-01,19:54,지출,식사,미분류,주식회사 이스턴웰스,-1200,KRW,신한은행 The More,
2022-07-01,19:19,지출,카페/간식,미분류,(주)보나비,-6720,KRW,신한은행 The More,
2022-07-01,18:04,지출,문화/여가,미분류,KCP-알라딘커뮤니케이션,-19,KRW,KT BIGPOT Plus(빅팟 플러스) 카드,
2022-07-01,18:02,지출,문화/여가,미분류,문화비(알라딘)_KCP,-149,KRW,KT BIGPOT Plus(빅팟 플러스) 카드,
2022-07-01,13:35,지출,생활,미분류,씨유삼성암센터점,-1200,KRW,LOCA 롯데카드,
2022-07-01,13:17,지출,의료/건강,미분류,풀무원푸드앤컬처 삼성서울병원암병동 푸드코트,-11000,KRW,LOCA 롯데카드,
2022-06-30,19:21,지출,카페/간식,미분류,(주)보나비,-9800,KRW,신한은행 The More,
2022-06-30,18:04,지출,미분류,미분류,네이버페이,-15870,KRW,신한은행 The More,
2022-06-30,11:48,지출,의료/건강,미분류,(주)풀무원푸드앤컬처,-10000,KRW,신한은행 The More,
2022-06-29,19:42,지출,생활,미분류,씨유삼성암센터점,-3300,KRW,LOCA 롯데카드,
2022-06-29,19:01,지출,생활,미분류,씨유삼성암센터점,-4300,KRW,LOCA 롯데카드,
2022-06-29,16:32,지출,카페/간식,미분류,(주)보나비,-2300,KRW,LOCA 롯데카드,
2022-06-29,11:13,지출,생활,미분류,씨유삼성암센터점,-17200,KRW,LOCA 롯데카드,
2022-06-28,19:45,지출,미분류,미분류,흥국화재해상보험(주),-36236,KRW,신한은행 The More,
2022-06-28,18:50,지출,생활,미분류,씨유삼성암센터점,-2000,KRW,LOCA 롯데카드,
2022-06-28,18:32,지출,의료/건강,미분류,풀무원푸드앤컬처 삼성서울병원암병동 푸드코트,-10000,KRW,LOCA 롯데카드,
2022-06-28,14:39,지출,교통,미분류,카카오페이(택시),-15000,KRW,LOCA 롯데카드,
2022-06-28,14:05,지출,교통,미분류,카카오페이(택시),13600,KRW,LOCA 롯데카드,
2022-06-28,14:05,지출,교통,미분류,카카오페이(택시),-13600,KRW,LOCA 롯데카드,
2022-06-28,10:11,지출,육아,미분류,(사)삼성생명공익재단삼성서울병원,-4100,KRW,신한은행 The More,
2022-06-27,17:52,지출,생활,미분류,(주)이마트에브리데,-3080,KRW,프렌즈 체크카드,
2022-06-27,17:39,지출,식사,미분류,(주)우아한형제들,-9000,KRW,LOCA 롯데카드,
2022-06-26,16:49,지출,미분류,미분류,카카오페이,-12900,KRW,LOCA 롯데카드,
2022-06-24,23:02,지출,미분류,미분류,쿠팡(쿠페이),49000,KRW,LOCA 롯데카드,
2022-06-24,22:46,지출,미분류,미분류,쿠팡(쿠페이),-49000,KRW,LOCA 롯데카드,
2022-06-24,22:11,지출,생활,미분류,씨유(CU)마곡나루리버스,-2100,KRW,프렌즈 체크카드,
2022-06-15,09:13,지출,주거/통신,미분류,LOCA,-23100,KRW,LOCA 롯데카드,
2022-06-14,22:21,지출,생활,미분류,GS25 서울대입구역점,-1500,KRW,LOCA 롯데카드,
2022-06-14,22:21,지출,생활,미분류,GS25 서울대입구역점,-24100,KRW,LOCA 롯데카드,
2022-06-14,15:09,지출,의복/미용,미분류,(주)신세계프라퍼티 코엑스몰,-3000,KRW,LOCA 롯데카드,
2022-06-14,14:22,지출,식사,미분류,(주)크라이치즈버거,-6400,KRW,LOCA 롯데카드,
2022-06-13,19:32,지출,미분류,미분류,쿠팡(주),20800,KRW,LOCA 롯데카드,
2022-06-13,19:22,지출,미분류,미분류,쿠팡(주),-20800,KRW,LOCA 롯데카드,
2022-06-13,18:51,지출,미분류,미분류,쿠팡(주),-20800,KRW,LOCA 롯데카드,
2022-06-13,14:15,지출,생활,미분류,(주)골드그린마트,-10670,KRW,LOCA 롯데카드,
2022-06-13,14:05,지출,자동차,미분류,해뜨는주유소,-25000,KRW,LOCA 롯데카드,
2022-06-13,08:55,지출,미분류,미분류,쿠팡(주),-10840,KRW,LOCA 롯데카드,
2022-06-12,10:50,지출,미분류,미분류,(주)인터파크,-8000,KRW,LOCA 롯데카드,
2022-06-12,10:28,지출,카페/간식,미분류,주식회사남문,-900,KRW,LOCA 롯데카드,
2022-06-12,10:14,지출,카페/간식,미분류,주식회사남문,-16500,KRW,LOCA 롯데카드,
2022-06-12,10:14,지출,카페/간식,미분류,주식회사남문,-2000,KRW,LOCA 롯데카드,
2022-06-11,19:12,지출,식사,미분류,을지면옥,-30000,KRW,신한은행 The More,
2022-06-11,14:30,지출,카페/간식,미분류,KOCES_자판기_일반,-3000,KRW,신한은행 The More,
2022-06-11,13:13,지출,카페/간식,미분류,투피스 twoffice,-11000,KRW,신한은행 The More,
2022-06-11,13:04,지출,식사,미분류,롯쇼나,-41000,KRW,신한은행 The More,
2022-06-11,10:29,지출,미분류,미분류,이니시스_3,-3000,KRW,신한은행 The More,
2022-06-08,22:16,지출,미분류,미분류,PAYCO,-19896,KRW,신한은행 The More,
2022-06-08,15:29,지출,의료/건강,미분류,삼성서울병원,-3500,KRW,LOCA 롯데카드,
2022-06-07,16:26,지출,미분류,미분류,네이버페이,-20990,KRW,신한은행 The More,
2022-06-07,16:21,지출,문화/여가,미분류,예스이십사 주식회사,-22870,KRW,신한은행 The More,
2022-06-06,14:55,지출,식사,미분류,주식회사 신나는곳간,-2600,KRW,신한은행 The More,
2022-06-06,14:51,지출,식사,미분류,주식회사 신나는곳간,-900,KRW,신한은행 The More,
2022-06-06,00:43,지출,생활,미분류,GS25 봉천 낙성점,-11900,KRW,신한은행 The More,
2022-06-05,21:48,지출,카페/간식,미분류,영동레저산업(주)횡성지점횡성휴게소,-8000,KRW,LOCA 롯데카드,
2022-06-05,19:48,지출,자동차,미분류,뉴신일주유소,-35000,KRW,신한은행 The More,
2022-06-05,18:55,지출,생활,미분류,GS25경포대점,-15700,KRW,신한은행 The More,
2022-06-05,18:48,지출,식사,미분류,돌고래횟집,-50000,KRW,LOCA 롯데카드,
2022-06-05,16:01,지출,문화/여가,미분류,오죽헌 박물관(시립박물관),-6000,KRW,LOCA 롯데카드,
2022-06-05,15:34,지출,식사,미분류,초당맷돌순두부,-4000,KRW,LOCA 롯데카드,
2022-06-05,12:54,지출,카페/간식,미분류,주식회사티피와이,-12000,KRW,LOCA 롯데카드,
2022-06-05,11:28,지출,식사,미분류,대관령감자옹심이,-25000,KRW,LOCA 롯데카드,
2022-06-04,21:30,지출,생활,미분류,씨유 포남뷰티점,-5950,KRW,LOCA 롯데카드,
2022-06-04,19:05,지출,자동차,미분류,메인페이 결제대행(PG)_세외,-1000,KRW,LOCA 롯데카드,
2022-06-04,19:04,지출,카페/간식,미분류,팡파미유해변점,-4000,KRW,LOCA 롯데카드,
2022-06-04,18:31,지출,식사,미분류,한끼만두,-4000,KRW,LOCA 롯데카드,
2022-06-04,17:38,지출,자동차,미분류,메인페이 결제대행(PG)_세외,-1400,KRW,LOCA 롯데카드,
2022-06-04,17:16,지출,식사,미분류,소미담 속초점,-4100,KRW,LOCA 롯데카드,
2022-06-04,16:09,지출,식사,미분류,중앙닭강정본점,-19000,KRW,LOCA 롯데카드,
2022-06-04,14:24,지출,자동차,미분류,십이선녀탕주유소,-20000,KRW,LOCA 롯데카드,
2022-06-04,10:36,지출,카페/간식,미분류,(주)에스피씨삼립 가평(춘천방향)휴게소,-4000,KRW,LOCA 롯데카드,
2022-06-04,10:31,지출,카페/간식,미분류,(주)에스피씨삼립 가평(춘천방향)휴게소,-3000,KRW,LOCA 롯데카드,
2022-06-04,10:12,지출,카페/간식,미분류,(주)에스피씨삼립 가평(춘천방향)휴게소,-8500,KRW,LOCA 롯데카드,
2022-06-04,08:04,지출,자동차,미분류,해뜨는주유소,-29900,KRW,신한은행 The More,
2022-06-03,20:57,지출,식사,미분류,(주)우아한형제들,-25500,KRW,LOCA 롯데카드,
2022-06-03,18:12,지출,식사,미분류,과일사랑,-10000,KRW,LOCA 롯데카드,
2022-06-03,18:03,지출,생활,미분류,(주)골드그린마트,-6270,KRW,LOCA 롯데카드,
2022-06-03,17:40,지출,생활,미분류,마켓365(MARKET365),-1800,KRW,LOCA 롯데카드,
2022-06-03,09:10,지출,미분류,미분류,선물하기_카카오페이,-30000,KRW,LOCA 롯데카드,
2022-06-02,18:21,지출,카페/간식,미분류,(주) 젤에프앤비,-141000,KRW,LOCA 롯데카드,
2022-06-02,11:58,지출,식사,미분류,풍경한식뷔페,-7000,KRW,LOCA 롯데카드,
2022-06-02,02:54,지출,여행/숙박,미분류,Agoda_NICE,-55000,KRW,LOCA 롯데카드,
2022-06-01,18:04,지출,문화/여가,미분류,KCP-알라딘커뮤니케이션,-19,KRW,KT BIGPOT Plus(빅팟 플러스) 카드,
2022-06-01,18:02,지출,문화/여가,미분류,문화비(알라딘)_KCP,-149,KRW,KT BIGPOT Plus(빅팟 플러스) 카드,
2022-06-01,08:18,지출,미분류,미분류,네이버페이,-17700,KRW,신한은행 The More,
2022-05-31,11:56,지출,식사,미분류,풍경한식뷔페,-7000,KRW,LOCA 롯데카드,
2022-05-31,07:37,지출,자동차,미분류,해뜨는주유소,-30000,KRW,LOCA 롯데카드,
2022-05-30,11:52,지출,식사,미분류,풍경한식뷔페,-7000,KRW,LOCA 롯데카드,
2022-05-30,08:40,지출,생활,미분류,세븐일레븐 판교기업센터점,-2500,KRW,LOCA 롯데카드,
2022-05-29,20:39,지출,여행/숙박,미분류,Agoda_NICE,1004,KRW,LOCA 롯데카드,
2022-05-29,20:39,지출,여행/숙박,미분류,Agoda_NICE,-1004,KRW,LOCA 롯데카드,
2022-05-29,17:30,지출,식사,미분류,(주)우아한형제들,-22500,KRW,신한은행 The More,
2022-05-28,19:14,지출,생활,미분류,씨유(CU)마곡센트럴점,-4200,KRW,LOCA 롯데카드,
2022-05-28,12:46,지출,미분류,미분류,GOOGLE *TEMPORARY HOLD g.co/helppay# CA,12,KRW,LOCA 롯데카드,
2022-05-28,12:46,지출,미분류,미분류,GOOGLE *TEMPORARY HOLD g.co/helppay# CA,-12,KRW,LOCA 롯데카드,
2022-05-28,11:31,지출,식사,미분류,(주)우아한형제들,-24500,KRW,신한은행 The More,
2022-05-27,23:06,지출,생활,미분류,GS25 봉천 낙성점,-11650,KRW,신한은행 The More,
2022-05-27,21:49,지출,식사,미분류,홍콩참치만두,-52000,KRW,신한은행 The More,
2022-05-26,11:58,지출,식사,미분류,풍경한식뷔페,-7000,KRW,LOCA 롯데카드,
2022-05-25,19:02,지출,생활,미분류,(주)골드그린마트,-6860,KRW,신한은행 The More,
2022-05-25,16:26,지출,주거/통신,미분류,아파트관리비,-54720,KRW,신한은행 The More,
2022-05-22,18:39,지출,미분류,미분류,네이버파이낸셜 주식회사,-15870,KRW,신한은행 The More,
2022-05-22,12:45,지출,식사,미분류,타미 하우스,-1000,KRW,LOCA 롯데카드,
2022-05-22,08:20,지출,미분류,미분류,NICE_통신판매,-2500,KRW,LOCA 롯데카드,
2022-05-21,19:33,지출,식사,미분류,다농청과,-9000,KRW,LOCA 롯데카드,
2022-05-21,09:34,지출,생활,미분류,지에스25(GS) S9신논현역점,-2200,KRW,LOCA 롯데카드,
2022-05-17,12:24,지출,식사,미분류,풍경한식뷔페,-35000,KRW,프렌즈 체크카드,
2022-05-17,07:31,지출,자동차,미분류,해뜨는주유소,-20000,KRW,LOCA 롯데카드,
2022-05-16,19:05,지출,생활,미분류,(주)골드그린마트,-10380,KRW,LOCA 롯데카드,
2022-05-16,15:55,지출,생활,미분류,세븐일레븐 판교기업센터점,-11000,KRW,LOCA 롯데카드,
2022-05-16,12:28,지출,생활,미분류,세븐일레븐 판교기업센터점,-2450,KRW,LOCA 롯데카드,
2022-05-16,09:15,지출,주거/통신,미분류,LOCA,-23100,KRW,LOCA 롯데카드,
2022-05-16,08:23,지출,생활,미분류,세븐일레븐 판교기업센터점,-2300,KRW,LOCA 롯데카드,
2022-05-15,19:30,지출,카페/간식,미분류,아모르미오(Amor mio),-13000,KRW,LOCA 롯데카드,
2022-05-15,19:24,지출,생활,미분류,타이패밀리,-29800,KRW,LOCA 롯데카드,
2022-05-15,08:30,지출,미분류,미분류,NICE_통신판매,-1000,KRW,LOCA 롯데카드,
2022-05-15,05:41,지출,미분류,미분류,쿠팡(주),22980,KRW,LOCA 롯데카드,
2022-05-15,05:33,지출,미분류,미분류,쿠팡(주),-22980,KRW,LOCA 롯데카드,
2022-05-12,12:35,지출,생활,미분류,세븐일레븐 판교기업센터점,-3800,KRW,LOCA 롯데카드,
2022-05-11,17:08,지출,자동차,미분류,시티홀오일프라자,-25000,KRW,LOCA 롯데카드,
2022-05-07,18:47,지출,카페/간식,미분류,나즈드라비,-47800,KRW,LOCA 롯데카드,
2022-05-07,08:54,지출,생활,미분류,GS25 가락우정점,-1000,KRW,LOCA 롯데카드,
2022-05-07,08:08,지출,미분류,미분류,네이버파이낸셜주식회사,-14870,KRW,신한은행 The More,
2022-05-06,23:11,지출,미분류,미분류,네이버파이낸셜주식회사,-45870,KRW,신한은행 The More,
2022-05-06,15:56,지출,생활,미분류,(주)골드그린마트,-18880,KRW,신한은행 The More,
2022-05-05,21:12,지출,생활,미분류,(주)이마트  자양점,-8950,KRW,신한은행 The More,
2022-05-05,16:47,지출,자동차,미분류,서일석유(주)락성주유소,-24900,KRW,신한은행 The More,
2022-05-05,13:11,지출,미분류,미분류,네이버파이낸셜 주식회사,-18870,KRW,신한은행 The More,
2022-05-04,19:32,지출,미분류,미분류,네이버페이,-68380,KRW,LOCA 롯데카드,
2022-05-04,19:25,지출,생활,미분류,GS25 서울대입구역점,-1200,KRW,LOCA 롯데카드,
2022-05-04,17:30,지출,카페/간식,미분류,주식회사 파네트리김영모,-27800,KRW,신한은행 The More,
2022-05-03,12:15,지출,식사,미분류,풍경한식뷔페,-7000,KRW,LOCA 롯데카드,
2022-05-02,23:16,지출,미분류,미분류,네이버페이,-31640,KRW,LOCA 롯데카드,
2022-05-02,18:50,지출,식사,미분류,(주)우아한형제들,-30000,KRW,LOCA 롯데카드,
2022-05-02,18:41,지출,의복/미용,미분류,(주)아모레퍼시픽_카카오페이,-89950,KRW,LOCA 롯데카드,
2022-05-02,18:36,지출,의복/미용,미분류,(주)아모레퍼시픽_카카오페이,-264850,KRW,LOCA 롯데카드,
2022-05-02,17:58,지출,자동차,미분류,해뜨는주유소,-15000,KRW,LOCA 롯데카드,
2022-05-02,12:50,지출,카페/간식,미분류,매머드커피판교제2테크노밸리점,-11100,KRW,LOCA 롯데카드,
2022-05-02,12:29,지출,카페/간식,미분류,카페리빈,-3500,KRW,LOCA 롯데카드,
2022-05-02,12:24,지출,카페/간식,미분류,카페리빈,-4000,KRW,LOCA 롯데카드,
2022-05-02,12:18,지출,카페/간식,미분류,카페리빈,-4800,KRW,LOCA 롯데카드,
2022-05-02,12:17,지출,카페/간식,미분류,카페리빈,-5800,KRW,LOCA 롯데카드,
2022-05-02,11:55,지출,식사,미분류,풍경한식뷔페,-7000,KRW,LOCA 롯데카드,
2022-05-01,18:53,지출,생활,미분류,(주)골드그린마트,-4700,KRW,LOCA 롯데카드,
2022-05-01,18:30,지출,의복/미용,미분류,대표인증_1,-16000,KRW,LOCA 롯데카드,
2022-05-01,18:04,지출,문화/여가,미분류,KCP-알라딘커뮤니케이션,-19,KRW,KT BIGPOT Plus(빅팟 플러스) 카드,
2022-05-01,18:02,지출,문화/여가,미분류,문화비(알라딘)_KCP,-149,KRW,KT BIGPOT Plus(빅팟 플러스) 카드,
2022-05-01,08:04,지출,생활,미분류,GS25 S9중앙보훈병원역점,-1000,KRW,LOCA 롯데카드,
2022-04-30,20:13,지출,문화/여가,미분류,교보문고_인터넷(문화비),-5990,KRW,신한은행 The More,
2022-04-30,19:18,지출,식사,미분류,닭갈비전,-7500,KRW,LOCA 롯데카드,
2022-04-30,09:35,지출,카페/간식,미분류,(주)에스엠에이치홀딩스 삼송빵집 신논현점,-4800,KRW,LOCA 롯데카드,
2022-04-30,09:24,지출,미분류,미분류,네이버페이,-11870,KRW,신한은행 The More,
2022-04-29,16:29,지출,미분류,미분류,네이버페이,-13990,KRW,신한은행 The More,
2022-04-26,18:10,지출,생활,미분류,(주)골드그린마트,-10530,KRW,LOCA 롯데카드,
2022-04-26,17:35,지출,미분류,미분류,카카오페이,-12900,KRW,LOCA 롯데카드,
2022-04-26,17:12,지출,자동차,미분류,(주)새서울석유 동판교,-18000,KRW,신한은행 The More,
2022-04-26,16:36,지출,주거/통신,미분류,아파트관리비,-74220,KRW,신한은행 The More,
2022-04-26,07:52,지출,자동차,미분류,해뜨는주유소,-19900,KRW,신한은행 The More,
2022-04-25,22:32,지출,식사,미분류,마켓컬리,-18709,KRW,신한은행 The More,
2022-04-24,10:14,지출,미분류,미분류,인터넷상거래,-28900,KRW,신한은행 The More,
2022-04-24,10:07,지출,미분류,미분류,인터넷상거래,-19900,KRW,신한은행 The More,
2022-04-24,03:07,지출,미분류,미분류,네이버파이낸셜주식회사,-54750,KRW,신한은행 The More,
2022-04-23,18:36,지출,미분류,미분류,네이버파이낸셜 주식회사,-26998,KRW,신한은행 The More,
2022-04-23,15:24,지출,생활,미분류,마켓365(MARKET365),-7860,KRW,신한은행 The More,
2022-04-23,14:01,지출,미분류,미분류,네이버페이,-37998,KRW,신한은행 The More,
2022-04-22,20:23,지출,생활,미분류,GS25 봉천 낙성점,-12000,KRW,신한은행 The More,
2022-04-22,19:50,지출,생활,미분류,지에스더프레시미사점,-16450,KRW,신한은행 The More,
2022-04-22,19:43,지출,카페/간식,미분류,주식회사 쟝블랑제리,-11000,KRW,LOCA 롯데카드,
2022-04-22,14:58,지출,식사,미분류,차알반포 주식회사,-58500,KRW,LOCA 롯데카드,
2022-04-22,13:43,지출,의복/미용,미분류,(주)신세계백화점 강남점,-70000,KRW,LOCA 롯데카드,
2022-04-22,13:36,지출,의복/미용,미분류,(주)신세계백화점강남점,-9900,KRW,신한은행 The More,
2022-04-22,13:32,지출,의복/미용,미분류,(주)신세계백화점강남점,-34000,KRW,신한은행 The More,
2022-04-22,13:23,지출,의복/미용,미분류,(주)엔터식스패션쇼핑몰 강남점,-5800,KRW,신한은행 The More,
2022-04-21,20:00,지출,식사,미분류,마켓컬리,-41995,KRW,신한은행 The More,
2022-04-21,18:41,지출,생활,미분류,(주)이마트에브리데이 마곡나루점,-92920,KRW,신한은행 The More,
2022-04-21,13:37,지출,생활,미분류,(주)코리아세븐 판교기업센터점,-2200,KRW,신한은행 The More,
2022-04-21,13:36,지출,카페/간식,미분류,매머드커피판교제2테크노밸리점,-29700,KRW,신한은행 The More,
2022-04-21,01:18,지출,미분류,미분류,네이버파이낸셜(주),-51990,KRW,신한은행 The More,
2022-04-20,22:08,지출,의복/미용,미분류,(주)아모레퍼시픽_카카오페이,-73880,KRW,신한은행 The More,
2022-04-20,08:22,지출,생활,미분류,(주)코리아세븐 판교기업센터점,-5900,KRW,신한은행 The More,
2022-04-18,19:04,지출,자동차,미분류,해뜨는주유소,-19900,KRW,신한은행 The More,
2022-04-18,18:52,지출,식사,미분류,가츠몽 상일역점,-9000,KRW,신한은행 The More,
2022-04-18,18:31,지출,생활,미분류,안경점 상일역점,-60000,KRW,LOCA 롯데카드,
2022-04-17,00:32,지출,생활,미분류,지에스(GS)25 마곡나루점,-11900,KRW,신한은행 The More,
2022-04-16,20:52,지출,식사,미분류,배달의민족(B마트),-23472,KRW,신한은행 The More,
2022-04-16,17:24,지출,미분류,미분류,쿠팡(주),-20810,KRW,신한은행 The More,
2022-04-16,12:26,지출,미분류,미분류,쿠팡,-26900,KRW,신한은행 The More,
2022-04-15,23:10,지출,식사,미분류,(주)우아한형제들,-29900,KRW,신한은행 The More,
2022-04-15,22:03,지출,생활,미분류,GS25 봉천 낙성점,-7000,KRW,신한은행 The More,
2022-04-15,21:07,지출,자동차,미분류,주식회사 탈믈리에김영모,-23200,KRW,신한은행 The More,
2022-04-15,20:31,지출,식사,미분류,동인동,-56000,KRW,LOCA 롯데카드,
2022-04-15,09:06,지출,주거/통신,미분류,LOCA,-23100,KRW,LOCA 롯데카드,
2022-04-14,18:07,지출,자동차,미분류,백제주유소,-20000,KRW,LOCA 롯데카드,
2022-04-13,08:06,지출,생활,미분류,(주)코리아세븐 판교기업센터점,-3900,KRW,신한은행 The More,
2022-04-12,08:12,지출,카페/간식,미분류,카페리빈,-3400,KRW,LOCA 롯데카드,
2022-04-12,07:32,지출,자동차,미분류,대왕주유소,-19900,KRW,신한은행 The More,
2022-04-11,17:16,지출,식사,미분류,(주)우아한형제들,-22500,KRW,신한은행 The More,
2022-04-11,13:25,지출,식사,미분류,마켓컬리,-41744,KRW,LOCA 롯데카드,
2022-04-09,16:32,지출,카페/간식,미분류,식사준비 마곡나루,-9900,KRW,신한은행 The More,
2022-04-09,16:28,지출,생활,미분류,(주)이마트에브리데이 마곡나루점,-34220,KRW,LOCA 롯데카드,
2022-04-09,16:17,지출,식사,미분류,다농청과,-10900,KRW,신한은행 The More,
2022-04-08,23:02,지출,생활,미분류,GS25 봉천 낙성점,-11800,KRW,신한은행 The More,
2022-04-08,21:55,지출,카페/간식,미분류,배스킨라빈스 개포점,-4000,KRW,신한은행 The More,
2022-04-08,20:58,지출,카페/간식,미분류,나폴레옹과자점,-2800,KRW,신한은행 The More,
2022-04-08,20:49,지출,식사,미분류,(주)벽제구이로,-36000,KRW,LOCA 롯데카드,
2022-04-08,19:58,지출,카페/간식,미분류,김영모과자점,-23300,KRW,LOCA 롯데카드,
2022-04-07,22:46,지출,식사,미분류,마켓컬리,-41300,KRW,LOCA 롯데카드,
2022-04-07,22:26,지출,카페/간식,미분류,더파머스,-46990,KRW,신한은행 The More,
2022-04-07,20:10,지출,교육,미분류,한양대학교병원 임상시험센터,-2000,KRW,신한은행 The More,
2022-04-06,09:47,지출,문화/여가,미분류,문화비_알라딘,-10990,KRW,신한은행 The More,
2022-04-05,17:44,지출,생활,미분류,지에스(GS)25 마곡나루점,-9900,KRW,신한은행 The More,
2022-04-05,14:07,지출,카페/간식,미분류,우드멜로우,-7000,KRW,LOCA 롯데카드,
2022-04-04,13:08,지출,미분류,미분류,네이버페이,-23400,KRW,LOCA 롯데카드,
2022-04-04,12:30,지출,문화/여가,미분류,픽스바이크,-37000,KRW,LOCA 롯데카드,
2022-04-04,11:30,지출,식사,미분류,땅스부대찌개하남미사점,-9900,KRW,신한은행 The More,
2022-04-03,20:00,지출,생활,미분류,(주)이마트에브리데이 마곡나루점,-18840,KRW,LOCA 롯데카드,
2022-04-02,15:50,지출,술/유흥,미분류,고래맥주창고 미사점,-38000,KRW,LOCA 롯데카드,
2022-04-02,15:39,지출,카페/간식,미분류,파고,-51000,KRW,LOCA 롯데카드,
2022-04-01,23:22,지출,생활,미분류,GS25 봉천 낙성점,-6700,KRW,신한은행 The More,
2022-04-01,21:45,지출,생활,미분류,세븐일레븐 봉천2호점,-19050,KRW,LOCA 롯데카드,
2022-04-01,21:12,지출,식사,미분류,자동결제,-3800,KRW,LOCA 롯데카드,
2022-04-01,18:04,지출,문화/여가,미분류,KCP-알라딘커뮤니케이션,-19,KRW,KT BIGPOT Plus(빅팟 플러스) 카드,
2022-04-01,18:02,지출,문화/여가,미분류,문화비(알라딘)_KCP,-149,KRW,KT BIGPOT Plus(빅팟 플러스) 카드,
2022-04-01,08:25,지출,생활,미분류,코리아세븐-서초14호점,-4800,KRW,신한은행 The More,
2022-03-31,21:33,지출,식사,미분류,인하순대국,-8000,KRW,LOCA 롯데카드,
2022-03-31,07:37,지출,카페/간식,미분류,파리바게뜨  상일중앙점,-7200,KRW,신한은행 The More,
2022-03-30,20:47,지출,식사,미분류,시골장터,-7000,KRW,LOCA 롯데카드,
2022-03-30,20:17,지출,식사,미분류,자동결제,-15000,KRW,LOCA 롯데카드,
2022-03-30,20:15,지출,식사,미분류,자동결제,1000,KRW,LOCA 롯데카드,
2022-03-30,20:15,지출,식사,미분류,자동결제,-1000,KRW,LOCA 롯데카드,
2022-03-30,13:53,지출,의복/미용,미분류,롯데쇼핑(주) 롯데Market999서초대로점,-4830,KRW,신한은행 The More,
2022-03-29,08:31,지출,카페/간식,미분류,빽다방 서초역점,-2000,KRW,신한은행 The More,
2022-03-29,08:27,지출,식사,미분류,고봉민김밥인 서초역점,-8400,KRW,신한은행 The More,